{
  "Cardinal": "um",
  "Ordinal": "primeiro",
  "Numeração indo-arábica": "1",
  "Numeração romana": "I",
  "": "",
  "Numeração grega": "Ι",
  "Numeração jónica": "α´",
  "Numeração chinesa": "一",
  "Numeração hebraica": "'א",
  "Numeração arménia": "Ա",
  "Numeração Āryabhaṭa": "क",
  "Numeração maia": "",
  "Sistema binário": "1, 2",
  "Sistema octal": "1, 8",
  "Sistema duodecimal": "1, 12",
  "Sistema hexadecimal": "1, 16",
  "Fatorização": "N/A"
}