{
  "Participantes": "32",
  "Organização": "FIFA",
  "Anfitrião": "Coreia do Sul, Japão",
  "Período": "31 de maio, –, 30 de junho",
  "Gol(o)s": "161",
  "Partidas": "64",
  "Média": "42 268,7, pessoas por partida",
  "Campeão": "Brasil, (5º título)",
  "Vice-campeão": "Alemanha",
  "3.º colocado": "Turquia",
  "4.º colocado": "Coreia do Sul",
  "Melhor marcador": "Ronaldo, – 8 gols",
  "Melhor ataque(fase inicial)": [
    "Alemanha",
    "Brasil"
  ],
  "Melhor defesa(fase inicial)": [
    "Alemanha",
    "Coreia do Sul",
    "Inglaterra"
  ],
  "Maior goleada(diferença)": "Alemanha, 8–0, Arábia Saudita, Sapporo Dome, ,, Sapporo, 1 de junho,, Grupo E, 1ª rodada",
  "Público": "2 705 197",
  "Melhor jogador(FIFA)": "Oliver Kahn",
  "Melhor goleiro": "Oliver Kahn",
  "Melhor jogador jovem": "Landon Donovan",
  "Fair play": "Bélgica"
}