{
  "NoBrasil:": "Um Maluco na TV",
  "EmPortugal:": "Rockfeller 30",
  "Formato": "sitcom",
  "Géneros": [
    "Sátira",
    "farsa"
  ],
  "Criado por": "Tina Fey",
  "Elenco": [
    "Tina Fey",
    "Tracy Morgan",
    "Jane Krakowski",
    "Jack McBrayer",
    "Scott Adsit",
    "Judah Friedlander",
    "Alec Baldwin",
    "Katrina Bowden",
    "Keith Powell",
    "Lonny Ross",
    "John Lutz",
    "Kevin Brown",
    "Grizz Chapman",
    "Maulik Pancholy"
  ],
  "Música por": "Jeff Richmond",
  "País de origem": "Estados Unidos",
  "Idioma original": "Inglês",
  "Temporadas": "7",
  "Episódios": "139 (, lista de episódios, )",
  "Produtores executivos": [
    "Lorne Michaels",
    "Tina Fey",
    "Marci Klein",
    "David Miner",
    "JoAnn Alfano",
    "Robert Carlock",
    "Jeff Richmond",
    "John Riggi",
    "Jack Burditt"
  ],
  "Produtores": [
    "Robert Carlock",
    "Jerry Kupfer",
    "Matt Hubbard",
    "Jeff Richmond",
    "Irene Burns",
    "Alec Baldwin",
    "Don Scardino",
    "Dylan Morgan",
    "Josh Siegal",
    "Kay Cannon",
    "Vali Chandrasekaran",
    "Paula Pell",
    "Colleen McGuinness",
    "Tracey Wigfield"
  ],
  "Duração": "22 minutos",
  "Empresas produtoras": [
    "Broadway Video",
    "Little Stranger, Inc.",
    "Universal Television"
  ],
  "Emissora": "NBC",
  "Transmissão": "11 de Outubro de 2006 –, 31 de Janeiro de 2013, 16 de Julho de 2020 (especial)"
}