{
  "Nome completo": "Aaron Hillel Swartz",
  "Nascimento": "8 de novembro, de, 1986, Chicago, ,, Illinois, ,, Estados Unidos",
  "Morte": "11 de janeiro, de, 2013, (26 anos), Nova Iorque, ,, Estados Unidos",
  "Nacionalidade": "norte-americano",
  "Ocupação": "Desenvolvedor de software, escritor, militante político e, ciberativista",
  "Prémios": "Internet Hall of Fame, (2013), Associação de bibliotecários americanos, (postumamente), EFF Pioneer Award, 2013, (postumamente)",
  "Website": "aaronsw.com"
}