{
  "Tipo": "Rede de televisão, comercial",
  "País": "Estados Unidos",
  "Fundação": "Rádio:, 12 de outubro, de, 1943, (81 anos), Televisão:, 19 de abril, de, 1948, (76 anos), por Louis Blanche e Edward J. Noble",
  "Pertence a": "Walt Disney Television",
  "Proprietário": "The Walt Disney Company",
  "Antigo proprietário": [
    "United Paramount Theatres(1953–1965)",
    "Capital Cities Communications(1985–1996)",
    "Walt Disney Company(1996-presente)"
  ],
  "Cidade de origem": "Nova Iorque, ,, NY",
  "Slogan": "The Only Place to Be, ABC, (O Único Lugar para Estar, ABC)",
  "Formato de vídeo": "1080i, (, HDTV, )",
  "Cobertura": "100% do território nacional",
  "Emissoras próprias": [
    "KABC-TV",
    "KGO-TV",
    "KFSN-TV",
    "WLS-TV",
    "WABC-TV",
    "WTVD",
    "WPVI-TV",
    "KTRK-TV"
  ],
  "Emissoras afiliadas": "ver lista completa",
  "Nome(s) anterior(es)": "NBC Blue Network",
  "Página oficial": "abc, .com"
}