{
  "Período": "4 de março, de, 1847, a, 3 de março, de, 1849",
  "Vice-presidentes": "Hannibal Hamlin, (1861–1865), Andrew Johnson, (1865)",
  "Antecessor(a)": "John Henry",
  "Sucessor(a)": "Thomas L. Harris",
  "Nascimento": "12 de fevereiro, de, 1809, Hodgenville, ,, Kentucky, ,, Estados Unidos",
  "Morte": "15 de abril, de, 1865, (56 anos), Washington, D.C., , Estados Unidos",
  "Progenitores": "Mãe:, Nancy Hanks, Pai:, Thomas Lincoln",
  "Esposa": "Mary Todd, (1818–1882)",
  "Filhos(as)": "Robert Todd Lincoln, Edward Baker Lincoln, William Wallace Lincoln, Thomas Lincoln III",
  "Partido": "Whig, (1834–1854), Republicano, (1854–1865), União Nacional, (1864–1865)",
  "Profissão": "Advogado",
  "Assinatura": "",
  "Serviço/ramo": "Milícia de Illinois",
  "Anos de serviço": "1832",
  "Graduação": "soldado",
  "Conflitos": "Guerra de Black Hawk"
}