{
  "Natureza jurídica": "Instituição científica de utilidade pública, dotada de personalidade jurídica e de autonomia administrativa",
  "Atribuições": "Incentivo à investigação científica e órgão consultivo do Governo em matéria linguística",
  "Dependência": "Governo de Portugal, Ministério da Ciência, Tecnologia e Ensino Superior",
  "Chefia": "José Francisco Rodrigues, [, 1, ], , presidente",
  "Órgãos subordinados": "Instituto de Altos Estudos, Instituto de Lexicologia e Lexicografia da Língua Portuguesa",
  "Documento institucional": "Estatutos da Academia das Ciências de Lisboa",
  "Jurisdição territorial": "Portugal",
  "Sede": "Rua da Academia das Ciências,, Lisboa, 38° 42' 47\" N, 9° 8' 59\" O",
  "Criação": "24 de dezembro, de, 1779, (245 anos), [1]"
}