{
  "Local de assinatura": "Schengen, ,, Luxemburgo",
  "Signatário(a)(s)": "Bélgica, França, Alemanha Ocidental, Luxemburgo, Países Baixos",
  "Partes": "Áustria, Bélgica, Bulgária, Croácia, Chéquia, Dinamarca, Estónia, Finlândia, França, Alemanha, Grécia, Hungria, Islândia, Itália, Letónia, Liechtenstein, Lituânia, Luxemburgo, Malta, Países Baixos, Noruega, Polónia, Portugal, Roménia, Eslováquia, Eslovénia, Espanha, Suécia, Suíça",
  "Depositário(a)": "Governo do, Grão-Ducado do Luxemburgo",
  "Assinado": "14 de junho de 1985, (39 anos, 9 meses e 24 dias decorridos)",
  "Em vigor": "26 de março de 1995, (30 anos e 12 dias decorridos)",
  "Língua(s)": "Alemão, ,, francês, , e, neerlandês"
}