{
  "Local de assinatura": "Sede da Organização das Nações Unidas, ,, Nova York",
  "Signatário(a)(s)": "195, [, 1, ]",
  "Partes": "195, [, 1, ]",
  "Depositário(a)": "Secretário-Geral das Nações Unidas",
  "Criado": "30 de novembro – 12 de dezembro de 2015",
  "Assinado": "22 de abril de 2016, ; há 8 anos",
  "Selado": "12 de dezembro de 2015, ; há 9 anos",
  "Em vigor": "4 de novembro de 2016, ; há 8 anos",
  "Condição": "Ratificação e adesão de 55 partes da UNFCCC, representando 55% das emissões globais de gases de efeito estufa",
  "Língua(s)": "Árabe, Chinês, Inglês, Francês, Russo e Espanhol"
}