{
  "Período": "29 de julho, de, 1921, até, 30 de abril, de, 1945",
  "Antecessor(a)": "Anton Drexler, (Presidente do Partido)",
  "Sucessor(a)": "Martin Bormann, (Ministro do Partido)",
  "Presidente": "Paul von Hindenburg, (1933-1934)",
  "Ministro-presidente": "Franz von Papen, Hermann Göring",
  "Vice": "Rudolf Hess, (1933–1941)",
  "Nascimento": "20 de abril, de, 1889, Braunau am Inn, ,, Áustria-Hungria",
  "Morte": "30 de abril, de, 1945, (56 anos), Führerbunker, ,, Berlim, ,, Alemanha",
  "Nacionalidade": "austríaco, (até 1925), apátrida, (1925–1932), alemão, (a partir de 1932)",
  "Progenitores": "Mãe:, Klara Hitler, Pai:, Alois Hitler",
  "Casamento dos progenitores": "7 de janeiro, de, 1885",
  "Esposa": "Eva Braun",
  "Partido": "Partido Alemão dos Trabalhadores, (1919–1920), Partido Nazista, (1921–1945)",
  "Religião": "Ver:, Visão religiosa de Adolf Hitler",
  "Profissão": "Militar, ,, artista, ,, escritor, ,, político",
  "Assinatura": "",
  "Lealdade": "Império Alemão, República de Weimar",
  "Serviço/ramo": [
    "Exército da Baviera"
  ],
  "Anos de serviço": "1914–1920",
  "Graduação": "Gefreiter, (, cabo, )",
  "Unidade": "16.º Regimento Reserva Bávaro",
  "Conflitos": [
    "Frente OcidentalPrimeira Batalha de YpresBatalha do Somme(ferido)Batalha de ArrasTerceira Batalha de Ypres",
    "Primeira Batalha de Ypres",
    "Batalha do Somme(ferido)",
    "Batalha de Arras",
    "Terceira Batalha de Ypres"
  ],
  "Condecorações": "Cruz de Ferro, 1.ª e 2.ª Classes, Distintivo dos feridos"
}