{
  "Missão": "Agência da União Europeia",
  "Atribuições": "Regulamento (UE) 2019/1896",
  "Número de funcionários": "1400 (2021), [, 1, ], 10.000 (2024/2027, proposto), [, 2, ], [, 2, ], [, 2, ]",
  "Orçamento anual": "€ 754.4 milhões (2022), [, 3, ]",
  "Jurisdição territorial": "União Europeia",
  "Sede": "Varsóvia, ,, Polónia",
  "Antecessor": "Agência Europeia de Gestão da Cooperação Operacional nas Fronteiras Externas",
  "Criação": "3 de outubro de 2005, (original), 6 de outubro de 2016, (como Agência Europeia da Guarda de Fronteiras e Costeira)"
}