{
  "Tipo": "Agência espacial",
  "Fundação": "1975, (50 anos)",
  "Sede": "Paris, ,, França",
  "Membros": [
    "Alemanha",
    "Áustria",
    "Bélgica",
    "Chéquia",
    "Dinamarca",
    "Espanha",
    "Estónia",
    "Finlândia",
    "França",
    "Grécia",
    "Hungria",
    "Irlanda",
    "Itália",
    "Luxemburgo",
    "Noruega",
    "Países Baixos",
    "Polónia",
    "Portugal",
    "Reino Unido",
    "Roménia",
    "Suécia",
    "Suíça"
  ],
  "Línguas oficiais": "francês, ,, inglês, e, alemão, [, 1, ]",
  "Diretor-geral": "Josef Aschbacher",
  "Sítio oficial": "www, .esa, .int"
}