{
  "Lema": "Audemus jura nostra defendere, (Do, latim, :, Ousamos defender nossos direitos, )",
  "Apelido(s)": "The Heart of Dixie, Camellia State, Cotton State, Yellowhammer State",
  "Coordenadas": "32° 42′ N, 86° 42′ O",
  "Capital": "Montgomery",
  "Maior cidade": "Huntsville",
  "Condados": "67",
  "Governador": "Kay Ivey, (, R, )",
  "Vice-governador": "Will Ainsworth, (, R, )",
  "Língua oficial": "Inglês",
  "Representantes": "7",
  "Colégio eleitoral": "9 votos",
  "Senadores": "Richard Shelby, (, R, ), Tommy Tuberville, (, R, )",
  "Limites": "Tennessee, (norte),, Geórgia, (leste),, Flórida, e, Golfo do México, (sul) e, Mississipi, (oeste)",
  "Entrada na União": "14 de dezembro, de, 1819, (22º)",
  "Área total[1]": "135 767,36 km²",
  "• Área seca": "131 170,80 km²",
  "• Área molhada": "4 596,56 km²",
  "População total(2020)[2]": "5 024 279 hab.",
  "• Posição": "27.º",
  "Densidade": "37 hab./km²",
  "•Gentílico": "Alabamiense, [, 3, ]",
  "• Comprimento": "531 km",
  "• Largura": "305 km",
  "• Altitude máxima": "735,5 m",
  "• Altitude média": "150 m",
  "• Altitude mínima": "0 m",
  "Fuso horário": [
    "Maioria:UTC−6",
    "Phenix City:UTC−5"
  ],
  "Horário de verão": [
    "Maioria:−5",
    "Phenix City:−4"
  ],
  "IDH(2019)[4]": "0,886, —, muito alto",
  "PIB(2018)[5]": "US$, 224,654 bilhões",
  "PIBper capita(2018)": "US$, 37,261 (, 45.º, )",
  "ISO 3166-2": "US-AL",
  "USPS": "AL",
  "Sítio": "www.alabama.gov"
}