{
  "Pronúncia:": "/dɔʏ̯tʃ/",
  "Falado(a) em:": "Alemanha, Áustria, Bélgica, Luxemburgo, Suíça, Liechtenstein",
  "Região:": "Europa, ,, África, e, América",
  "Total de falantes:": "Nativos: 95 milhões (2014), [, 1, ], Como, segunda língua, : 10–15 milhões (2014), [, 2, ], [, 3, ], Como, língua estrangeira, : 75–100 milhões, [, 2, ]",
  "Posição:": "10",
  "Família:": "Indo-europeia, Germânico, Ocidental, Médio alemão, Alemão",
  "Escrita:": "Alfabeto latino",
  "Língua oficial de:": [
    "Alemanha",
    "Áustria",
    "Bélgica",
    "Liechtenstein",
    "Luxemburgo",
    "Suíça",
    "Tirol do Sul(Itália)",
    "31 comunas naPolônia",
    "9 municípiosnoBrasil"
  ],
  "ISO 639-1:": "de",
  "ISO 639-3:": "deu"
}