{
  "Nascimento": "Александра Асановна Элбакян, 6 de novembro, de, 1988, (36 anos), RSS do Cazaquistão",
  "Nacionalidade": "cazaque",
  "Cidadania": "Cazaquistão",
  "Alma mater": [
    "Satbayev University",
    "National Research University – Higher School of Economics",
    "Universidade de Freiburgo",
    "Instituto de Tecnologia da Geórgia",
    "Universidade Estatal de São Petersburgo",
    "Institute of Philosophy"
  ],
  "Ocupação": "ciberativismo",
  "Distinções": [
    "Nature's 10 (6, 2016)",
    "EFF Pioneer Award(2023)"
  ],
  "Obras destacadas": "Sci-Hub"
}