{
  "Reinado": "330 a.C., -, 323 a.C.",
  "Antecessor(a)": "Filipe II",
  "Sucessor(a)": "Filipe III, Alexandre IV",
  "Predecessor(a)": "Dario III",
  "Nascimento": "20 de julho, de, 356 a.C., Pela, ,, Macedônia",
  "Morte": "10 de junho, de, 323 a.C., (32 anos), Babilônia",
  "Cônjuge": "Roxana de Báctria, Estatira II, da, Pérsia, Parisátide da Pérsia",
  "Descendência": "Alexandre IV",
  "Dinastia": "Argéada",
  "Pai": "Filipe II",
  "Mãe": "Olímpia do Epiro",
  "Religião": "Politeísmo grego"
}