{
  "Período": "2 de junho de 1933 – 8 de maio de 1945",
  "Antecessor(a)": "Posição estabelecida",
  "Sucessor(a)": "Posição abolida",
  "Führer": "Adolf Hitler",
  "Nome completo": "Alfred Ernst Rosenberg",
  "Nascimento": "12 de janeiro, de, 1893, Reval, ,, Império Russo, (atual, Estônia, )",
  "Morte": "16 de outubro, de, 1946, (53 anos), Nurembergue, ,, Alemanha Ocupada",
  "Nacionalidade": "Alemão báltico",
  "Alma mater": "Universidade Técnica de Riga, Universidade Técnica Estatal Bauman de Moscou",
  "Cônjuge": "Hilda Leesmann, (1915–1923), Hedwig Kramer, (1925–1946)",
  "Filhos(as)": "2",
  "Partido": "NSDAP",
  "Profissão": "Arquiteto, Político, Escritor"
}