{
  "Nascimento": "17 de janeiro de 1881, Birmingham",
  "Morte": "24 de outubro de 1955 (, 74 anos, ), Londres",
  "Cidadania": "Reino Unido",
  "Alma mater": [
    "Trinity College",
    "King Edward's School",
    "Universidade de Cambridge"
  ],
  "Ocupação": "antropólogo, ,, sociólogo",
  "Distinções": [
    "Membro da Academia Britânica"
  ],
  "Empregador(a)": "Universidade da Cidade do Cabo, ,, Universidade de Sydney, ,, Universidade de Chicago, ,, Universidade de Oxford",
  "Religião": "ateísmo"
}