{
  "Lema": "Heldhaftig, Vastberaden, Barmhartig, (em, português, :, Heróico, Determinado, Misericordioso, )",
  "Apelido(s)": "Mokum, ,, Veneza do Norte",
  "Coordenadas": "52° 22′ 23″ N, 4° 53′ 32″ L",
  "País": "Países Baixos",
  "Província": "Holanda do Norte",
  "Prefeito": "Femke Halsema, (, GL, )",
  "Secretário": "A.H.P. van Gils",
  "Área total[1][2]": "219 km²",
  "• Área seca": "166 km²",
  "• Área molhada": "53 km² 24.2%",
  "• Área urbana": "1 003 km²",
  "• Área metropolitana": "1 815 km²",
  "População total(Setembro de 2023)[3][4]": "930 205 hab.",
  "• Populaçãourbana": "1 603 531",
  "• Populaçãometropolitana": "2 437 520",
  "Densidade": "4 247,5 hab./km²",
  "• Densidade urbana": "1 598,7 hab./km²",
  "• Densidade metropolitana": "1 343 hab./km²",
  "•Gentílico": "Amsterdamês / amesterdanês",
  "Altitude[5]": "−2 m",
  "Fuso horário": "CET, (, UTC+1, )",
  "Horário de verão": "CEST, (, UTC+2, )",
  "Código postal": "1011 – 1109",
  "Código de área": "020",
  "Sítio": "www.amsterdam.nl"
}