{
  "Gentílico": "norte-americano",
  "Vizinhos": "América Central, ,, Ásia, e, Europa",
  "Países": "3",
  "Dependências": "4",
  "Área": "23 500 000, [, 1, ], km²",
  "Maior país": "Canadá",
  "Menor país": "São Cristóvão e Nevis",
  "Ponto mais alto": "Monte McKinley, ,, EUA, (6 194 m, nmm, )",
  "Ponto mais baixo": "Vale da Morte, , EUA (-86 m, nmm, )",
  "População": "518 342 459 (2024), [, 2, ], hab.",
  "Densidade": "22,05 hab./km²",
  "Idiomas": "inglês, ,, espanhol, ,, francês, ,, dinamarquês, ,, groenlandês, e, língua maia, (e, língua portuguesa, )"
}