{
  "Gentílico": "sul-americano",
  "Vizinhos": "América Central, ,, Caribe, ,, Antártida, e, África",
  "Países": "12–14, Argentina, Bolívia, Brasil, Chile, Colômbia, Equador, Guiana, Paraguai, Peru, Suriname, Uruguai, Venezuela, Comumente associados:, Trinidad e Tobago, Panamá",
  "Dependências": "3–5, Aruba, Curaçau, Bonaire, Ilhas Malvinas, *, Ilhas Geórgia do Sul e Sandwich do Sul",
  "Área": "17 850 568, km²",
  "Maior país": "Brasil",
  "Menor país": "Suriname",
  "Ponto mais alto": "Aconcágua, ,, Argentina, (6 962 m, nmm, )",
  "Ponto mais baixo": "Laguna del Carbón, , Argentina (-105 m, nmm, )",
  "População": "388 000 000, [, 1, ], hab.",
  "Densidade": "20 hab./km²",
  "Idiomas": "Português, ,, espanhol, ,, guarani, ,, inglês, ,, holandês, ,, francês, ,, aimará, e, quéchua, ,, Línguas tupis, ."
}