{
  "Gentílico": "latino-americano",
  "Vizinhos": "Ásia, ,, África, ,, América Anglo-Saxônica, ,, Antártida, ,, Europa, e, Oceania",
  "Países": "20",
  "Dependências": "10",
  "Área": "21 069 501, km²",
  "Maior país": "Brasil, (8 514 876,599 km²)",
  "Menor país": "El Salvador, (21 041 km²)",
  "Ponto mais alto": "Aconcágua, ,, Argentina, (6 962 m, nmm, )",
  "Ponto mais baixo": "Laguna del Carbón, , Argentina (-105 m, nmm, )",
  "População": "569 milhões hab.",
  "Densidade": "27 hab./km²",
  "Idiomas": "Principais:, espanhol, e, português, Outros:, francês, ,, quíchua, ,, aimará, ,, náuatle, ,, Línguas maias, ,, guarani, ,, Crioulo haitiano, ,, papiamento, ,, Línguas tupis, ."
}