{
  "Gentílico": "americano, pan-americano, [, 1, ]",
  "Vizinhos": "África, ,, Europa, ,, Ásia, ,, Oceania, e, Antártida",
  "Países": "35",
  "Dependências": "18",
  "Área": "42 189 120, km²",
  "Maior país": "Canadá, (9 984 670 km²)",
  "Menor país": "São Cristóvão e Neves, (261 km²)",
  "Ponto mais alto": "Aconcágua, ,, Argentina, (6 962 m, nmm, )",
  "Ponto mais baixo": "Laguna del Carbón, , Argentina, (-105 m, nmm, )",
  "População": "1 022 380 810 hab.",
  "Densidade": "21 hab./km²",
  "Idiomas": "Inglês, ,, Português, ,, Espanhol, ,, Francês, ,, Neerlandês (Holandês), ,, Guarani, ,, Aimará, ,, Quíchua, ,, Dinamarquês, ,, Groenlandês, ."
}