{
  "Gentílico": "centro-americano",
  "Vizinhos": "América do Norte, e, América do Sul",
  "Países": "20",
  "Dependências": "16",
  "Área": "742 204, [, 1, ], km²",
  "Maior país": "Nicarágua",
  "Menor país": "El Salvador",
  "Ponto mais alto": "Monte Tajumulco, ,, Guatemala, (4 220 m, nmm, )",
  "Ponto mais baixo": "Mar do Caribe, (0 m, nmm, )",
  "População": "92 000 000, [, 2, ], hab.",
  "Densidade": "175,9 hab./km²",
  "Idiomas": "Inglês, ,, espanhol, ,, francês, e, holandês"
}