{
  "Hino": "\"La bandera blanca y verde\", \"A bandeira branca e verde\"",
  "Lema": "Andalucía por sí, para España y la humanidad, (Andaluzia por si, para Espanha e para a humanidade)",
  "Gentílico": "andaluz, [, 1, ]",
  "Capital": "Sevilha",
  "Presidente": "Juan Manuel Moreno Bonilla, (, PP, )",
  "Área total": "87 268, §, km²",
  "População total(2023)": "8 538 376 hab.",
  "Densidade": "97,84 hab./km²",
  "Províncias": "Almeria, ,, Cádis, ,, Córdova, ,, Granada, ,, Huelva, ,, Xaém, ,, Málaga, ,, Sevilha",
  "Idioma oficial": "castelhano",
  "Estatuto de autonomia": "11 de janeiro de 1982",
  "ISO 3166-2": "AN",
  "CongressoSenado": "61 assentos, 40 assentos",
  "Sítio": "juntadeandalucia, .es"
}