{
  "•Hangul": "안, 산, 시",
  "•Hanja": "安, 山, 市",
  "•Romanização Revisada": "Ansan-si",
  "•McCune-Reischauer": "Ansan-shi",
  "Coordenadas": "37° 19′ 00″ N, 126° 50′ 00″ L",
  "Região": "Sudogwon",
  "Província": "Gyeonggi",
  "Subdivisões": "2, gu, , 25, dong",
  "Área total[1]": "149,06 km²",
  "População total(31.12.2013)[1]": "762 915 hab.",
  "Densidade": "5 118,2 hab./km²",
  "• Dialeto": "Seul",
  "Fuso horário": "KST, (, UTC+9, )",
  "Árvore": "Ginkgo",
  "Flor": "Rosa",
  "Mascote": "Techmy",
  "Pássaro": "Egretta eulophotes",
  "Sítio": "www.iansan.net"
}