{
  "Paleolítico Inferior": "c. 3,3 milhões - c. 300.000 a.C.",
  "Paleolítico Médio": "c. 300.000 - c. 30.000 a.C.",
  "Paleolítico Superior": "c. 30.000 - c. 10.000 a.C.",
  "Mesolítico": "c. 13.000 - c. 9.000 a.C.",
  "Neolítico": "c. 10.000 - c. 3.000 a.C.",
  "Idade do Bronze": "c. 3.300 - c. 700 a.C.",
  "Idade do Ferro": "c. 1.200 a.C. - c. 1.000 d.C.",
  "Antiguidade Clássica": "c. 800 a.C. - 476 d.C.",
  "Antiguidade Tardia": "c. 284 d.C. - c. 750",
  "Idade Média Tardia": "c. 1300 - 1453",
  "Idade Moderna": "1453 - 1789",
  "Idade Contemporânea": "1789 - hoje"
}