{
  "Período": "2 de outubro de 1992, a 1 de setembro de 1993",
  "Presidente": "Itamar Franco",
  "Antecessor(a)": "Sérgio Paulo Rouanet",
  "Sucessor(a)": "Jerônimo Moscardo",
  "Nascimento": "15 de outubro, de, 1915, Rio de Janeiro, ,, Distrito Federal",
  "Morte": "7 de março, de, 1999, (83 anos), Rio de Janeiro, ,, Rio de Janeiro",
  "Nacionalidade": "brasileiro",
  "Partido": "PSB",
  "Ocupação": "Lexicógrafo, ,, escritor, ,, tradutor, ,, diplomata",
  "Assinatura": ""
}