{
  "Período": "julho de, 1921, — setembro de, 1921",
  "Presidente": "Óscar Carmona, Francisco Craveiro Lopes, Américo Tomás",
  "Antecessor(a)": "Júlio Botelho Moniz",
  "Sucessor(a)": "Manuel Gomes de Araújo",
  "Nascimento": "28 de abril, de, 1889, Vimieiro, ,, Santa Comba Dão, ,, Reino de Portugal",
  "Morte": "27 de julho, de, 1970, (81 anos), Lapa, ,, Lisboa, ,, Portugal",
  "Alma mater": "Universidade de Coimbra",
  "Partido": "Centro Católico Português, (1919-1930), União Nacional, (1930-1970)",
  "Religião": "Catolicismo romano",
  "Profissão": "professor universitário",
  "Assinatura": ""
}