{
  "•Hangul": "안, 양, 시",
  "•Hanja": "安, 養, 市",
  "•Romanização Revisada": "Anyang-si",
  "•McCune-Reischauer": "Anyang-si",
  "Coordenadas": "37° 23′ 00″ N, 126° 56′ 00″ L",
  "Região": "Sudogwon",
  "Província": "Gyeonggi",
  "Subdivisões": "2, gu, , 31, dong",
  "Área total[1]": "58,46 km²",
  "População total(Setembro de 2024)[2]": "551 228 hab.",
  "Densidade": "9 429,1 hab./km²",
  "• Dialeto": "Seul",
  "Altitude": "47 m",
  "Fuso horário": "KST, (, UTC+9, )",
  "Código postal": "13900⎼14199",
  "Prefixo telefônico": "(+82) 31",
  "Árvore": "Ginkgo",
  "Flor": "Forsythia",
  "Mascote": "Podongi",
  "Pássaro": "Águia",
  "Sítio": "www.anyang.go.kr"
}