{
  "Período": "3 de janeiro, de, 1980, [, 3, ], a, 9 de janeiro, de, 1981",
  "Primeiro(a)-ministro(a)": "José Sócrates, Pedro Passos Coelho, António Costa",
  "Antecessor(a)": "António de Sousa Franco",
  "Sucessor(a)": "João Morais Leitão",
  "Presidente": "António Ramalho Eanes, Mário Soares",
  "Primeiro-ministro": "Francisco Sá Carneiro",
  "Nome completo": "Aníbal António Cavaco Silva",
  "Nascimento": "15 de julho, de, 1939, (85 anos), Boliqueime, ,, Loulé",
  "Nacionalidade": "português",
  "Alma mater": "Universidade de Iorque, Universidade Técnica de Lisboa",
  "Esposa": "Maria Cavaco Silva, (1963-atualmente)",
  "Partido": "Partido Social Democrata",
  "Religião": "Catolicismo romano",
  "Profissão": "Economista",
  "Assinatura": "",
  "Lealdade": "Portugal",
  "Serviço/ramo": "Exército Português",
  "Anos de serviço": "1963–1965",
  "Patente": "Alferes",
  "Conflitos": "Guerra Colonial Portuguesa"
}