{
  "Razão social": "Apple Inc.",
  "Tipo": "Empresa de capital aberto",
  "Slogan": "\"Think different\", (em, Inglês, )",
  "Cotação": "NASDAQ, :, AAPL, NASDAQ-100 Component, S&P 500 Component, B3, :, AAPL34",
  "Atividade": "Hardware de Computador, Software de Computador, Eletrônicos de consumo",
  "Fundação": "1 de abril, de, 1976, (49 anos), como Apple Computer, [, 1, ], Califórnia, ,, Estados Unidos",
  "Fundador(es)": "Steve Jobs, Steve Wozniak, Ronald Wayne, [, 2, ]",
  "Sede": "Cupertino, ,, Condado de Santa Clara, ,, Califórnia, ,, Estados Unidos",
  "Área(s) servida(s)": "Mundo",
  "Locais": "528 lojas, (2023)",
  "Pessoas-chave": "Tim Cook, (, CEO, ), Jonathan Ive, (CDO), Luca Maestri, (, CFO, ), Jeff Williams, (, COO, )",
  "Empregados": "80 300, (2014), [, 3, ]",
  "Produtos": [
    "",
    "Mac",
    "",
    "iPhone",
    "",
    "iPad",
    "",
    "iPod",
    "",
    "Apple TV",
    "",
    "Apple Watch",
    "",
    "macOS",
    "",
    "iLife",
    "",
    "iWork",
    "",
    "iOS",
    "",
    "ApplePay",
    "",
    "Apple Music"
  ],
  "Subsidiárias": "Braeburn Capital, FileMaker Inc., Beats Electronics, Anobit",
  "Valor de mercado": "US$, 1 trilhão, (2018), [, 4, ]",
  "Receita": "US$ 182,795 bilhões, (2014), [, 5, ]",
  "Lucro": "US$, 45,687 bilhões, (2016), [, 6, ]",
  "Faturamento": "US$ 47,79 bilhões, (2010), [, 5, ]",
  "Renda líquida": "US$ 14,01 bilhões, (2010), [, 5, ]",
  "Websiteoficial": "www, .apple, .com"
}