{
  "Nome completo": "Αριστοτέλης, γιος του Νικόμαχου των Σταγείρων, Aristotélis, gios tou Nikómachou ton Stageíron, Aristóteles, filho de Nicômaco de Estagira",
  "Escola/Tradição": "Escola peripatética, ,, aristotelismo",
  "Data de nascimento": "384 a.C.",
  "Local": "Cálcis, , na ilha, Eubeia, [, 1, ]",
  "Morte": "322 a.C., (62 anos)",
  "Principais interesses": "Física, ,, metafísica, ,, poesia, ,, teatro, ,, música, ,, retórica, ,, política, ,, governo, ,, ética, ,, biologia, ,, economia",
  "Ideias notáveis": "Doutrina do meio-termo, ,, razão, ,, lógica, ,, Silogismo, ,, Alma, ,, Frônese, ,, Hilemorfismo, ,, motor imóvel",
  "Era": "Filosofia antiga",
  "Influências": "Parmênides, ,, Sócrates, ,, Platão, ,, Heráclito, ,, Demócrito",
  "Influenciados": "Virtualmente toda a a, filosofia ocidental, ,, cristã, ,, islâmica, e, judaica, . Em especial a, Protociência, ,, Escola peripatética, ,, escolástica, e, neoplatonismo",
  "Alma mater": "Academia de Platão"
}