{
  "Lema": "Regnat populus, (do, latim, :, O povo governa, )",
  "Apelido(s)": "The Natural State, The Bear State",
  "Coordenadas": "34° 48′ N, 92° 12′ O",
  "Capital": "Little Rock",
  "Maior cidade": "Little Rock",
  "Condados": "75",
  "Governador": "Sarah Huckabee Sanders, (, R, )",
  "Vice-governador": "Leslie Rutledge, (, R, )",
  "Língua oficial": "Inglês",
  "Representantes": "4",
  "Colégio eleitoral": "6 votos",
  "Senadores": "Tom Cotton, (, R, ), John Boozman, (, R, )",
  "Limites": "Missouri, (norte);, Louisiana, (sul);, Tennessee, e, Mississipi, (leste);, Oklahoma, e, Texas, (oeste)",
  "Entrada na União": "15 de junho, de, 1836, (25º)",
  "Área total[1]": "137 731,81 km²",
  "• Área seca": "134 771,27 km²",
  "• Área molhada": "2 960,54 km²",
  "População total(2020)[2]": "3 011 524 hab.",
  "• Posição": "35.º",
  "Densidade": "21,9 hab./km²",
  "•Gentílico": "Arkansense ou arkansino, [, 3, ]",
  "• Comprimento": "386 km",
  "• Largura": "435 km",
  "• Altitude máxima": "839m",
  "• Altitude média": "200 m",
  "• Altitude mínima": "17 m",
  "Fuso horário": "UTC−6, \\, −5",
  "IDH(2017)[4]": "0,883, —, muito alto",
  "PIB(2018)[5]": "US$, 129,812 bilhões",
  "PIBper capita(2018)": "US$, 36,368 (, 47.º, )",
  "ISO 3166-2": "US-AR",
  "USPS": "AR, Ark.",
  "Sítio": "www.arkansas.gov"
}