{
  "Pronúncia:": "/hɑ.jɛ.ɹɛn/",
  "Falado(a) em:": "Armênia, Geórgia, Rússia, Líbano, Irão, entre outros decorrentes da, diáspora armênia, .",
  "Região:": "Planalto Armênio",
  "Total de falantes:": "6,7 milhões, [, 1, ]",
  "Posição:": "87",
  "Família:": "Indo-europeia, Armênio",
  "Escrita:": "Alfabeto arménio",
  "Língua oficial de:": "Armênia",
  "Regulado por:": "Հայաստանի Հանրապետության գիտությունների ազգային ակադեմիա, [, en, ], (Academia Nacional de Ciências da Armênia)",
  "ISO 639-1:": "hy",
  "ISO 639-3:": "hye"
}