{
  "Nascimento": "Arnold Kurr, 23 de abril de 1873, Ludwigsburgo, (, Reino de Württemberg, )",
  "Morte": "7 de maio de 1957 (, 84 anos, ), Épernay",
  "Sepultamento": "Cimetière de Bourg-la-Reine",
  "Cidadania": "França",
  "Alma mater": [
    "Universidade Paris-Sorbonne",
    "collège Sainte-Barbe"
  ],
  "Ocupação": "antropólogo, ,, professor universitário, , etnógrafo,, escritor, , colecionador de contos de fadas, cientista da religião, etnologista, folclorista,, tradutor",
  "Distinções": [
    "Saintour Prize (1946)"
  ],
  "Empregador(a)": "Universidade de Neuchâtel"
}