{
  "Nascimento": "Joseph Arthur de Gobineau, 14 de julho, de, 1816, Ville-d'Avray, ,, Altos do Sena",
  "Morte": "13 de outubro, de, 1882, (66 anos), Turim, ,, Piemonte",
  "Sepultamento": "Cemitério Monumental de Turim",
  "Nacionalidade": "francês",
  "Cidadania": "França",
  "Progenitores": [
    "Louis de Gobineau"
  ],
  "Cônjuge": "Clémence Gabrielle Monnerot",
  "Filho(a)(s)": "Christine de Gobineau,, Diane de Guldencrone",
  "Irmão(ã)(s)": "Bénédicte de Gobineau",
  "Ocupação": "Diplomacia, ,, literatura, ,, filosofia",
  "Distinções": [
    "Bordin Prize (1878)"
  ],
  "Obras destacadas": "Novelas asiáticas"
}