{
  "Tipo": "Unicameral",
  "Fundação": "25 de abril, de, 1976",
  "Precedida por": "Assembleia Constituinte",
  "Presidente": "José Pedro Aguiar-Branco, ,, PPD/PSD",
  "1º Vice-presidente": "Teresa Morais, ,, PPD/PSD",
  "2º Vice-presidente": "Marcos Perestrello, ,, PS",
  "3º Vice-presidente": "Diogo Pacheco de Amorim, ,, CH",
  "4º Vice-presidente": "Rodrigo Saraiva, ,, IL",
  "Assentos": "230",
  "Grupos políticos": [
    "PSD(78)",
    "CDS-PP(2)",
    "PS(78)",
    "CH(49)",
    "IL(8)",
    "BE(5)",
    "PCP(4)",
    "L(4)",
    "PAN(1)",
    "Não-Inscrito (1)[1]"
  ],
  "Comités": "14",
  "Duração do mandato": "4 anos",
  "Sistema de votação": "Representação proporcional, Lista fechada, Método de d'Hondt",
  "Primeira eleição": "25 de abril, de, 1976",
  "Última eleição": "10 de março de 2024",
  "Próxima eleição": "18 de maio de 2025"
}