{
  "Tipo": "Unicameral",
  "Presidente": "Kim Jin-pyo,, Independente, desde 4 de julho de 2022",
  "Vice-presidente": "Chung Woo-taik,, Poder Popular, desde 10 de novembro de 2022",
  "Assentos": "300",
  "Grupos políticos": [
    "Poder Popular(115)",
    "Democrata(169)",
    "Justiça(6)",
    "Renda Básica(1)",
    "Transição(1)",
    "Independente(7)",
    "Vago (1)"
  ],
  "Duração do mandato": "4 anos",
  "Salário": "R$684.539,59",
  "Sistema de votação": "Votação paralela:, Primeiro após o posto (FPTP) (253 assentos), Representação proporcional (RP)com, limite eleitoral de 3% (, Método do resto maior, )  (17 assentos), Sistema de Membro Adicional, (30 assentos)",
  "Última eleição": "15 de abril de 2020",
  "Próxima eleição": "17 de abril de 2024 (esperado)"
}