{
  "Gentílico": "astorgano, -na, [, a, ]",
  "Coordenadas": "42° 27′ 27″ N, 6° 03′ 24″ O",
  "País": "Espanha",
  "Comunidade autónoma": "Castela e Leão",
  "Província": "Leão",
  "Fundação": "c., 14 a.C.",
  "Alcaide": "Juan José Alonso Perandones, (2019, ,, PSOE, )",
  "Área total": "46,78 km²",
  "População total(2021)[1]": "10 553 hab.",
  "Densidade": "225,6 hab./km²",
  "Altitude": "870 m",
  "Código postal": "24700",
  "Código doINE": "24008",
  "Orago": "São Turíbio, (16 de abril), Santa Marta, (23 de fevereiro)",
  "Website": "www, .aytoastorga, .es"
}