{
  "Local": [
    "Cidade de Nova Iorque,NY",
    "Condado de Arlington,VA",
    "Shanksville,PA"
  ],
  "Data": "11 de setembro, de, 2001, (23 anos), 8h46min–10h28min (, UTC-4, )",
  "Alvo(s)": [
    "World Trade Center",
    "O Pentágono",
    "Casa BrancaouCapitólio(provável alvo dovoo 93)"
  ],
  "Mortes": "2 996, (incluindo 19 terroristas)",
  "Feridos": "+6 000",
  "Responsável(is)": "Al-Qaeda, (planejado por, Osama bin Laden, )",
  "Participante(s)": "19",
  "Coordenadas": "Coordenadas, :, 40° 42' 42\" N, 74° 0' 45\" O, 40° 42' 42\" N, 74° 0' 45\" O"
}