{
  "Coordenadas": "37° 58′ N, 23° 43′ L",
  "• Área urbana": "412 km²",
  "• Área metropolitana": "2 928,72 km²",
  "• População estimada(2012[1])": "664 046",
  "• Populaçãourbana": "3 090 508",
  "• Populaçãometropolitana": "3 781 274",
  "• Densidade urbana": "7 501,2 hab./km²",
  "• Densidade metropolitana": "1 291,1 hab./km²",
  "Altitude máxima": "338 m",
  "Altitude mínima": "70 m",
  "Código postal": "10x xx, 11x xx, 120 xx",
  "Código de área": "21",
  "Sítio": "www, .cityofathens, .gr"
}