{
  "Reinado": "16 de janeiro, de, 27 a.C., a, 19 de agosto, de, 14 d.C.",
  "Antecessor(a)": "Júlio César, (como ditador)",
  "Sucessor(a)": "Tibério",
  "Nascimento": "23 de setembro, de, 63 a.C., Roma, ,, República Romana",
  "Morte": "19 de agosto, de, 14, (75 anos), Nuvlana, ,, Império Romano",
  "Sepultado em": "Mausoléu de Augusto, ,, Roma, ,, Itália",
  "Nome completo": "",
  "Esposas": "Clódia Pulcra, (?–, 40 a.C., ), Escribônia, (, 40 a.C., –, 38 a.C., ), Lívia Drusa, (, 38 a.C., –, 14 d.C., )",
  "Descendência": "Júlia, a Velha, Caio César, (adotivo), Lúcio César, (adotivo), Agripa Póstumo, (adotivo), Tibério, (adotivo)",
  "Dinastia": "Júlio-claudiana",
  "Pai": "Caio Otávio, Júlio César, (adotivo)",
  "Mãe": "Ácia Balba Cesônia",
  "Religião": "Paganismo romano"
}