{
  "Nascimento": "3 de maio, de, 1910, Passo de Camaragibe, ,, Alagoas",
  "Morte": "28 de fevereiro, de, 1989, (78 anos), Rio de Janeiro, ,, Rio de Janeiro",
  "Nacionalidade": "Brasileiro",
  "Progenitores": "Mãe:, Maria Buarque Cavalcânti Ferreira, Pai:, Manuel Hermelindo Ferreira",
  "Cônjuge": "Marina Baird Ferreira",
  "Ocupação": "lexicógrafo, ,, professor, ,, tradutor, ,, ensaísta, e, crítico literário",
  "Principais trabalhos": "Dois mundos, (1942), Dicionário Aurélio da Língua Portuguesa, (1975)"
}