{
  "Nome completo": "Abu Ali Huceine ibne Abedalá ibne Sina",
  "Pseudônimo(s)": "Ibn Sina",
  "Outros nomes": [
    "Sharaf al-Mulk (شرف الملك)",
    "Hujjat al-Haq (حجة الحق)",
    "al-Sheikh al-Ra'is (الشيخ الرئيس)",
    "Ibn-Sino (Abu Ali Abdulloh Ibn-Sino)",
    "Bu Alī Sīnā (بو علی سینا)"
  ],
  "Nascimento": "c., 980, Laq-Laqa ou Khomeitan,, Transoxiana, ,, Império Samânida, (atualmente, em Afexana,, Coração, , no, Uzbequistão, )",
  "Morte": "22 de junho, de, 1037, (57 anos), [, 1, ], Hamadã, ,, Império Cacuída, ,, (atualmente, no, Irã, )",
  "Residência": "Rey, ,, Bucara, ,, Urguenche, ,, Gurgã, e, Hamadã",
  "Nacionalidade": "persa, [, 2, ]",
  "Etnia": "Persa, /, Árabe",
  "Ocupação": [
    "Filósofo",
    "Poeta",
    "Astrônomo",
    "Médico",
    "Teórico musical",
    "Físico",
    "Matemático",
    "Químico",
    "Eticista",
    "Alfaqui",
    "Escritor",
    "Polímata"
  ],
  "Magnum opus": [
    "O Livro da Cura",
    "O Cânone da Medicina"
  ],
  "Escola/tradição": [
    "Aristotelismo",
    "Avicenismo"
  ],
  "Principais interesses": [
    "medicina",
    "alquimia",
    "química",
    "astronomia",
    "ética",
    "filosofia",
    "geografia",
    "matemática",
    "psicologia",
    "física",
    "poesia",
    "ciência",
    "paleontologia",
    "lógica",
    "Calâm(teologiaislâmica)",
    "ciências da terra",
    "filosofia da ciência",
    "geologia",
    "mecânica"
  ],
  "Ideias notáveis": [
    "Pai damedicinamoderna",
    "Pai do conceito demomento linear",
    "Fundador doAvicenismoelógicaavicenista",
    "Precursor da pioneirapsicanálise",
    "Precursor daaromaterapia",
    "Precursor daneuropsiquiatria",
    "Importante contribuidor para ageologia"
  ],
  "Religião": "Islamismo, (, xiita, )"
}