{
  "Pronúncia:": "/azærbajʤan dili/",
  "Falado(a) em:": "Azerbaijão, Irão, Rússia",
  "Total de falantes:": "26 milhões, [, 1, ], [, 2, ], [, 3, ], [, 4, ], [, 5, ], [, 6, ]",
  "Família:": "Altaica, Turcomanas, Oguzes, Azerbaijano",
  "Escrita:": "Alfabeto latino, (, Azerbaijão, ), Alfabeto persa, (, Irã, )",
  "Língua oficial de:": "Azerbaijão, Daguestão, (, Rússia, )",
  "Regulado por:": "Azərbaycan Milli Elmlər Akademiyası, (Academia Nacional, de Ciências do Azerbaijão)",
  "ISO 639-1:": "az",
  "ISO 639-2:": "aze",
  "ISO 639-3:": "vários:, aze, —, Azeri (genérico), azj, —, Azeri Norte, azb, —, Azeri Sul"
}