{
  "Estado": "Dependência da Coroa Britânica",
  "Capital": "Santo Helério, [, a, ]",
  "Língua oficial": "Jersiano, ,, inglês, e, francês, [, b, ]",
  "Gentílico": "jersiano, -na",
  "Governo": "Sistema, parlamentarista, ,, monarquia constitucional, e dependência da, Coroa britânica",
  "•Duque da Normandia": "Carlos III",
  "•Tenente-governador": "Jerry Kyd",
  "•Bailio": "Timothy Le Cocq",
  "•Ministro-chefe": "Kristina Moore",
  "HistóriaSeparação da Normandia": "1204",
  "• Fim da ocupação germânica": "9 de maio de 1945",
  "• Total": "US$ 3.6 £ (, 167.º, )",
  "• Água (%)": "0",
  "• Estimativa para 2022": "103 267, [, 1, ], hab.",
  "•Densidade": "890,23 hab./km²",
  "PIB(basePPC)": "Estimativa para 2003",
  "•Per capita": "US$ 40 000 £ (, 6.º, )",
  "Moeda": "libra esterlina, (, GBP, )",
  "Fuso horário": "(, UTC, +0)",
  "• Verão (DST)": "(, UTC, +1)",
  "Cód. Internet": ".je",
  "Cód. telef.": "+44"
}