{
  "Estado": "Dependência da Coroa Britânica",
  "Capital": "Porto de São Pedro",
  "Língua oficial": "inglês",
  "Línguas reconhecidas": "auregnais, ,, guernesiano, e, sercquiais",
  "Gentílico": "guernesiano, -na, [, 1, ]",
  "Governo": "Dependência da Coroa Britânica",
  "•Monarca": "Carlos III",
  "•Governador": "Richard Cripwell",
  "•Primeiro-ministro": "Richard McMahon",
  "• Separação da Normandia": "1204",
  "• Fim da ocupação alemã": "9 de maio de 1945",
  "• Total": "US$ 2,59 mil milhões (, 176.º, )",
  "• Estimativa para 2016": "66 297, [, 2, ], hab. (, 197.º, )",
  "PIB(basePPC)": "Estimativa para 2003",
  "•Per capita": "US$ 40000 (, 9.º, )",
  "Moeda": "libra esterlina, (, GBP, )",
  "Fuso horário": "WET, (, UTC, +0)",
  "• Verão (DST)": "WEST, (, UTC, +1)",
  "Cód. Internet": ".gg",
  "Cód. telef.": "+44"
}