{
  "País": "Indonésia",
  "Arquipélago": "Pequenas Ilhas da Sonda",
  "Geologia": "Ilha vulcânica",
  "Ponto culminante": "3 142, m, (, Monte Agung, )",
  "Fuso horário": "UTC+8",
  "Área": "5 636,7, km², [, 1, ]",
  "Largura": "112 km",
  "Comprimento": "153 km",
  "Gentílico": "balinês, [, 2, ], [, 3, ]",
  "População": "3 890 757, (2010), [, 4, ]",
  "Densidade": "690,3  hab./km²",
  "População estimada em 2014": "4 152 800, [, 5, ]",
  "Etnias": "•, balineses, (90%), •, javaneses, (7%), •, baliaga, (1%), •, madurenses, (1%), [, 6, ]",
  "Línguas": "•, indonésio, •, balinês, •, malaio, balinês",
  "Capital": "Dempassar",
  "Província": "Bali"
}