{
  "Sede": "Frankfurt, , Alemanha",
  "Coordenadas": "50° 06′ 32″ N, 8° 42′ 12″ L",
  "Estabelecido": "1 de junho, de, 1998, (26 anos)",
  "Presidente": "Christine Lagarde",
  "Banco central do": "Eurosistema",
  "Moeda": "Euro, (€), EUR (, ISO 4217, )",
  "Reservas": [
    "€40 bilhão(diretamente)",
    "€340 bilhão(Eurosistemaincl. ouro)",
    "€150 bilhão(reserva internacional)"
  ],
  "Taxa básica bancária": "2,50% (março de 2025), [, 1, ], 4,75% (empréstimo marginal)",
  "Juros sobre reservas": "4,00% (depósito)",
  "Website": "ecb, .europa, .eu"
}