{
  "Aplicação": "...",
  "Proporção": "2:3",
  "Adoção": "27 de janeiro, de, 1883, (142 anos), (versão original usada na, Dinastia Joseon, ), 29 de junho, de, 1942, (82 anos), (, Governo Provisório da República da Coreia, ), 15 de outubro, de, 1949, (75 anos), (bandeira da Coreia do Sul), 30 de maio, de, 2011, (13 anos), (versão atual)",
  "Descrição": "Um campo branco com o símbolo, taegeuk, em vermelho e azul no centro,, [, nota 1, ], com quatro grupos variados de barras pretas curtas em cada canto da bandeira.",
  "Tipo": "Bandeira, e insígnia"
}