{
  "Período": "8 de janeiro de 1997, até 4 de novembro de 2004",
  "Vice-presidente": "Joe Biden",
  "Antecessor(a)": "Alice Palmer",
  "Sucessor(a)": "Kwame Raoul",
  "Nome completo": "Barack Hussein Obama II",
  "Nascimento": "4 de agosto, de, 1961, (63 anos), Honolulu, ,, Havaí, ,, Estados Unidos",
  "Alma mater": "Occidental College, Universidade Columbia, Harvard Law School",
  "Prêmio(s)": "Nobel da Paz, (2009), Profile in Courage Award, (2017)",
  "Esposa": "Michelle Robinson, (, c., 1992)",
  "Filhos(as)": "Malia Ann, (n. 1998), Natasha, (n. 2001)",
  "Partido": "Democrata",
  "Religião": "Protestantismo",
  "Profissão": "Organizador comunitário, advogado, professor, autor e político",
  "Fortuna": "US$ 40–135 milhões, [, 1, ]",
  "Assinatura": "",
  "Website": "barackobama.com"
}