{
  "Pronúncia:": "AFI: [eus̺ˈkaɾa]",
  "Falado(a) em:": [
    "País Basco do Sul",
    "Navarra",
    "Pirenéus Atlânticos"
  ],
  "Região:": "País Basco",
  "Total de falantes:": "936,812 (2021), [, 1, ]",
  "Família:": "Língua isolada",
  "Escrita:": "Alfabeto Latino, Braile Espanhol",
  "Língua oficial de:": [
    "País Basco",
    "Navarra"
  ],
  "Regulado por:": "Real Academia da Língua Basca (, Euskaltzaindia, )",
  "ISO 639-1:": "eu",
  "ISO 639-3:": "eus",
  "Mapa demográfico dos falantes da língua basca (no território do País Basco).80–100%50–80%)20–50%0–20%": "80–100%, 50–80%), 20–50%, 0–20%"
}