{
  "Data": "14 de outubro, de, 1806",
  "Local": "Jena, e, Auerstedt, ,, Alemanha",
  "Desfecho": "Vitória francesa; Ocupação da Prússia pela França",
  "Império Francês": "Prússia, Saxônia",
  "Napoleão ILouis Nicolas Davout": "Duque de Brunswick, †, Príncipe de Hohenlohe",
  "67 00040 000 lutaram e 41 000 chegaram ao fim dos combates (Jena);27 000 (Auerstedt)": [
    "60 000 (Jena);",
    "60 500 (Auerstedt)"
  ],
  "14 920 mortos, feridos ou desaparecidos:7 500 (Jena)7 420 (Auerstedt)": [
    "20 000 (Jena)",
    "13 000 (Auerstedt)"
  ]
}