{
  "Data": "16, a, 19 de outubro, de, 1813",
  "Local": "Leipzig, ,, Saxônia",
  "Desfecho": "Vitória decisiva da Coligação",
  "Mudanças territoriais": "Fim da, Confederação do Reno, . Napoleão perde o controle de seus territórios ao leste do, rio Reno, .",
  "FrançaVarsóviaItáliaNápolesSaxônia(dias 16–17)Württemberg(dias 16–17)": [
    "Rússia",
    "Áustria",
    "Prússia",
    "Suécia",
    "Mecklenburg-Schwerin",
    "Saxônia(dias 18–19)",
    "Württemberg(dias 18–19)"
  ],
  "Napoleão ILouis-Alexandre BerthierMichel NeyJoaquim Murat": "Alexandre I, Carlos João, Príncipe Herdeiro, Carlos de Schwarzenberg, Levin August von Bennigsen, Gebhard von Blücher",
  "Grande Armée": "Exército da Boêmia, Exército do Norte, Exército da Silésia, Exército da Polônia",
  "16 e 17 de outubro:225 mil soldados e 700 canhões18 e 19 de outubro:155 mil soldados": "16 e 17 de outubro:, 380 mil soldados e 1500 canhões, 18 e 19 de outubro:, 430 mil soldados",
  "38 mil mortos ou feridos20 mil capturados": "54 mil mortos ou feridos"
}