{
  "Data": "23 de agosto, de, 1942, –, 2 de fevereiro, de, 1943, (5 meses, 1 semana e 3 dias)",
  "Local": "Stalingrado, ,, União Soviética",
  "Desfecho": "Vitória soviética decisiva",
  "Alemanha NazistaItáliaRomêniaHungriaCroácia": "União Soviética",
  "Adolf HitlerFriedrich PaulusWalter HeitzErich von MansteinWolfram von RichthofenItalo GariboldiPetre DumitrescuGusztáv Jány": "Josef Stalin, Vassili Chuikov, Andrei Yeremenko, Gueorgui Júkov, Aleksandr Vasilievsky",
  "Grupo de Exércitos BGrupo de Exércitos Don": "Frente de Stalingrado, Frente do Don, Frente Sudoeste",
  "Em agosto:270 000 soldados3 000 peças de artilharia500 tanques600 aeronavesEm novembro:~ 1 000 000 de soldados(incluindo 400 mil alemães, 220 000 italianos, 200 000 húngaros e 143 296 romenos)10 250 peças de artilharia500 tanques732 aeronaves(402 operacionais)": "Em agosto, :, 187 000 soldados, 2 200, peças de artilharia, 400, tanques, 300 aeronaves, Em novembro, :, 1 800 000 soldados, 13 451, peças de artilharia, 894 tanques, 1 115 aeronaves",
  "647 300 – 868 374 mortos, feridos, desaparecidos ou capturados[1]1 500 tanques destruídos900 aeronaves abatidas6 000 canhões e armas pesadas perdidas": "1 129 619 soldados mortos, feridos, desaparecidos ou capturados, 4 341 tanques destruídos, 2 769 aeronaves abatidas, 15 728 canhões e armas pesadas perdidas, mais de 40 mil civis mortos, [, 2, ]"
}