{
  "Data": "7 de setembro, de, 1812",
  "Local": "Borodino, ,, Rússia",
  "Desfecho": "Vitória tática francesa",
  "FrançaDucado de VarsóviaItáliaConfederação do Reno": "Império Russo",
  "Napoleão BonaparteMichel NeyJoaquim MuratEugênio de Beauharnais": "Mikhail Kutuzov, Pyotr Bagration, †, Mikhail Bogdanovich",
  "130 000 – 190 000 soldados587 canhões": "120 000 – 160 000, 624 canhões",
  "30 000 – 35 000 mortos, feridos ou capturados": "40 000 – 45 000 mortos, feridos ou capturados"
}