{
  "Data": "18 de junho, de, 1815",
  "Local": "Waterloo, , então parte do, Países Baixos, , atual Bélgica; 15 km (9,3 mi) a sul de Bruxelas",
  "Desfecho": "Vitória aliada, Fim do governo dos, Cem Dias, Queda e exílio de Napoleão",
  "França": [
    "Reino Unido",
    "Países Baixos",
    "Prússia",
    "Hanôver",
    "Nassau",
    "Brunswick"
  ],
  "Napoleão BonaparteMichel NeyEmmanuel de Grouchy": "Duque de Wellington, Gebhard von Blücher",
  "73 000 soldados:[1]50 700 de infantaria14 390 de cavalaria8 050 de artilharia e engenheiros252 canhões": [
    "Reino Unido: 25 000 britânicos e 6 000 da Legião Germânica do Rei",
    "Países Baixos: 17 000",
    "Hanôver: 11 000",
    "Brunswick: 6 000",
    "Nassau: 3 000[2]",
    "156 canhões[3]"
  ],
  "5 000 mortos[5]18 000 feridos[5]8 000 a 10 000 aprisionados[5]": [
    "3 500 mortos;",
    "10 200 feridos;",
    "3 300 desaparecidos[6]",
    "1 200 mortos;",
    "4 400 feridos;",
    "1 400 desaparecidos.[6]"
  ]
}