{
  "Data": "21 de Outubro de 1805",
  "Local": "Ao largo do, Cabo Trafalgar, , no sul da Espanha, perto do, estreito de Gibraltar",
  "Desfecho": "Vitória decisiva do, Reino Unido, .",
  "Reino Unido": "Primeiro Império Francês, Espanha",
  "Horatio Nelson†Cuthbert Collingwood": "Pierre Villeneuve, (, prisioneiro, ), Federico Gravina",
  "33 navios(27 navios de linhas e seis outros navios)": "41 navios, (França: 18 navios de linha e oito outros navios, Espanha: 15 navios de linha)",
  "458 mortos1 208 desaparecidosTotal: 1 666[1]": "França:, 10 navios capturados,, um navio destruído,, 2 218 mortos,, 1 155 desaparecidos,, 4 000 capturados, [, 2, ], Espanha:, 11 navios capturados,, 1 025 mortos,, 1 383 desaparecidos,, 4 000 capturados, [, 2, ], Consequências:, Apx. 3 000 prisioneiros se afogaram na tempestade após a batalha, Total: 13 781",
  "Terceira ColigaçãoBoulogne♦Cabo Finisterra♦Campanha de Ulm♦Verona♦Trafalgar♦Caldiero♦Cabo Ortegal♦Amstetten♦Mariazell♦Dürenstein♦Dornbirn♦Schöngrabern/Hollabrunn♦Castelfranco Veneto♦Austerlitz♦Blaauwberg♦Gaeta♦Campo Tenese♦Maida♦Mileto": "Boulogne, ♦, Cabo Finisterra, ♦, Campanha de Ulm, ♦, Verona, ♦, Trafalgar, ♦, Caldiero, ♦, Cabo Ortegal, ♦, Amstetten, ♦, Mariazell, ♦, Dürenstein, ♦, Dornbirn, ♦, Schöngrabern/Hollabrunn, ♦, Castelfranco Veneto, ♦, Austerlitz, ♦, Blaauwberg, ♦, Gaeta, ♦, Campo Tenese, ♦, Maida, ♦, Mileto"
}