{
  "País": "Reino Unido",
  "Frequência(s)": "FM, : 92.5–96.1, MHz, , 103.5–104.9 MHz, LW, : 198 kHz, MW, : 603 kHz, 720 kHz, 774 kHz, 756 kHz, 1449 kHz, 1485 kHz, DAB, : 12B, Freesat, : 704, (FM), , 710, (LW), Freeview, : 704, (FM), Sky, (só para o Reino Unido), : 0104, (FM), , 0143, (onda longa), Virgin Media, : 904, (FM), , 911, (LW), Virgin Media Ireland, : 910, (FM), Várias frequências através de serviço por cabo analógico",
  "Slogan": "Intelligent speech, the most insightful journalism, the wittiest comedy, the most fascinating features and the most compelling drama and readings anywhere in UK radio",
  "Fundação": "30 de setembro de 1967",
  "Proprietário(s)": "BBC",
  "Audiência": "11,8%",
  "Gênero": "Informação, Ficção, Palavra falada",
  "Idioma": "inglês",
  "Nome(s) anterior(es)": "BBC Home Service",
  "Página oficial": "www.bbc.co.uk/radio4"
}