{
  "Razão social": "British Broadcasting Corporation",
  "Tipo": "Empresa de capital aberto",
  "Atividade": "Meios de comunicação social",
  "Fundação": "18 de outubro, de, 1922, (102 anos)",
  "Fundador(es)": "John Reith",
  "Sede": "Broadcasting House, ,, Londres, , Reino Unido",
  "Área(s) servida(s)": "Mundo",
  "Proprietário(s)": "Governo do Reino Unido",
  "Presidente": "Sir David Clementi",
  "Produtos": "Televisão, Rádio, Cinema, Internet",
  "Websiteoficial": "www, .bbc, .com"
}