{
  "Período": "23 de setembro, de, 1943, a, 25 de abril, de, 1945",
  "Antecessor(a)": "Luigi Facta",
  "Sucessor(a)": "Pietro Badoglio",
  "Nome completo": "Benito Amilcare Andrea Mussolini",
  "Nascimento": "29 de julho, de, 1883, Predappio, ,, Forli, ,, Itália",
  "Morte": "28 de abril, de, 1945, (61 anos), Mezzegra, , Itália",
  "Nacionalidade": "Italiana",
  "Progenitores": "Mãe:, Rosa Maltoni, (, 1858, –, 1905, ), Pai:, Alessandro Mussolini, (, 1854, –, 1910, )",
  "Casamento dos progenitores": "25 de janeiro, de, 1882",
  "Esposa": "Rachele Mussolini",
  "Filhos(as)": "6 (, Benito Albino Mussolini, ,, Edda Mussolini, ,, Vittorio Mussolini, ,, Bruno Mussolini, ,, Romano Mussolini, e Anna Maria Mussolini)",
  "Partido": "Partido Socialista Italiano, (1901–1914), Fascio d'azione rivoluzionaria, (1914-1919), Fasces de Combate Italianas, (1919-1921), Partido Nacional Fascista, (1921-1943), Partido Republicano Fascista, (1943–1945)",
  "Religião": "Nenhuma (, ateu, ), [, 1, ], [, 2, ]",
  "Assinatura": "",
  "Lealdade": "Reino de Itália",
  "Serviço/ramo": "Exército italiano",
  "Anos de serviço": "1914, –, 1918, 1922, –, 1945",
  "Graduação": "Primeiro Marechal do Império",
  "Condecorações": "OSMM, ,, GCTE"
}