{
  "Nascimento": "4 de janeiro de 1746, Byberry (, América Britânica, )",
  "Morte": "19 de abril de 1813 (, 67 anos, ), Filadélfia",
  "Sepultamento": "Christ Church Burial Ground",
  "Cidadania": "Estados Unidos,, Reino da Grã-Bretanha",
  "Cônjuge": "Julia Stockton Rush",
  "Filho(a)(s)": "Richard Rush",
  "Irmão(ã)(s)": "Jacob Rush",
  "Alma mater": [
    "Universidade de Princeton",
    "Universidade de Edimburgo",
    "West Nottingham Academy"
  ],
  "Ocupação": "químico, ,, escritor, ,, psiquiatra, ,, médico, ,, professor universitário, ,, político",
  "Distinções": [
    "Membro da Academia Americana de Artes e Ciências",
    "Membro da Academia Americana de Artes e Ciências (1788–)"
  ],
  "Empregador(a)": "Universidade da Pensilvânia",
  "Orientador(a)(es/s)": "John Redman,, Joseph Black, ,, William Cullen",
  "Causa da morte": "tifo"
}