{
  "Capitale maior cidade": "Hamilton, 32°18′N 64°47′W",
  "Língua oficial": "Inglês, [, 1, ]",
  "Outras línguas": "Português, [, 1, ]",
  "Gentílico": "bermudenho(a), bermudense",
  "Governo": "Território Britânico Ultramarino",
  "•Monarca": "Carlos III",
  "•Governador": "Andrew Murdoch",
  "•Premier": "Edward David Burt",
  "•Ministro Responsável(RU)": "Barão Edward de Manchester",
  "• Total": "US$ 7,484 bilhões (, 161.º, )",
  "• Água (%)": "26",
  "• Estimativa para 2019": "63 913 hab. (, 205.º, )",
  "•Densidade": "1 239 hab./km² (, 8.º, )",
  "PIB(basePPC)": "Estimativa para 2019",
  "•Per capita": "US$ 117 097 (, 4.º, )",
  "IDH(0,930)": "0,930 (, n/d.º, ) – n/d",
  "Moeda": "Dólar bermudense, (, BMD, )",
  "Fuso horário": "(, UTC, -4)",
  "Cód. Internet": ".bm",
  "Cód. telef.": "+1441",
  "Websitegovernamental": "http://www.gov.bm"
}