{
  "Cantão": "Berna",
  "Distrito": "Berna",
  "Localização(ões)": "Bethlehem bei Bern, Buch, Bümpliz, Eymatt, Felsenau, Gäbelbach, Matzenried, Neubrück, Niederbottigen, Oberbottigen, Riedbach, Riedern bei Bern, Tiefenau, Waldau",
  "Comunaslimítrofes": "Bremgarten bei Bern, Frauenkappelen, Ittigen, Kirchlindach,, Köniz, , Mühleberg, Muri bei Bern,, Neuenegg, , Ostermundigen, Wohlen bei Bern, Zollikofen",
  "Código postal": "3000",
  "Prefixo telefónico": "031",
  "Língua oficial": "alemão",
  "População": "133,798 hab.",
  "Densidade": "2 600 hab./km²",
  "Coordenadas": "46° 57' N 7° 25' E",
  "Altitude": "555 m",
  "Área": "51,62 km²",
  "Websiteoficial": "www.bern.ch"
}