{
  "País": "Estados Unidos",
  "Estabelecida": "1800",
  "Localização": "Avenida Independência, 101, [, 1, ], Colina do Capitólio, ,, SE, Distrito de Colúmbia",
  "Coordenadas": "38°53′19.3\" N, 77°0′21\" W",
  "Tamanho": "155,357,302 total Itens, [, 2, ]",
  "População servida": "Não aberta ao público",
  "Membros": "535 membros do, Congresso dos Estados Unidos, , seus funcionários e membros públicos.",
  "Orçamento": "US$, 613.496.414, [, 2, ]",
  "Empregados": "3,312, [, 2, ]",
  "Website": "www.loc.gov"
}