{
  "Tipo": "biblioteca nacional, , library in Japan, edifício de biblioteca",
  "Inauguração": "1948, (77 anos)",
  "Composto de": "International Library of Children's Literature, Supreme Court Library, Kokuritsu Kokkai Toshokan. Shibu Ueno Toshokan, Kokuritsu Kokkai Toshokan Toshokan Kyoryokubu, Modern Japanese Political History Materials Room, Research and Legislative Reference Bureau, National Diet Library, Kansai-kan of the National Diet Library, Detached Library in the Diet",
  "Membro de": "World Digital Library, , Geheugen van Nederland,, Federação Internacional de Associações e Instituições Bibliotecárias, , International Internet Preservation Consortium",
  "Acervo": "43 426 450 objeto concreto",
  "Operador(a)": "Dieta do Japão",
  "Coordenadas": "35° 40' 42\" N, 139° 44' 39\" E",
  "Localização": "Nagatachō",
  "País": "Japão"
}