{
  "Formação": "1810 de setembro de 13, (, 13-setembro-1810Tidade, )",
  "Tipo": "Ente descentralizado",
  "Jurisdição": "Nacional",
  "Sede": "Agüero 2502,, Buenos Aires, Argentina, 34° 35' 04\" S, 58° 23' 53\" O",
  "Empregados": "38 (2018)",
  "Orçamento anual": "651.345.809 de, $, (2018), [, 1, ]",
  "Executivos da agência": [
    "Alberto Manguel, Diretor"
  ],
  "Agência mãe": "Secretaria de Cultura e Creatividade,  Ministério de Cultura",
  "Sítio oficial": "www.bn.gov.ar"
}