{
  "Tipo": "biblioteca, , Czech research institution",
  "Inauguração": "2009, (16 anos)",
  "Membro de": "ORCID, DataCite - International Data Citation Initiative e.V.,, Federação Internacional de Associações e Instituições Bibliotecárias, , International Association of Universities, Coalition for Advancing Research Assessment, Association of Library and Information Professionals of the Czech Republic, European Open Science Cloud Association",
  "Acervo": "912 241 livro, 452 publicação periódica",
  "Diretor(a)": "Ivan Proche",
  "Coordenadas": "50° 6' 14.353\" N, 14° 23' 27.396\" E",
  "Localização": "Dejvice",
  "País": "Chéquia"
}