{
  "Tipo": "biblioteca pública estadual, United Nations Depository Library,, biblioteca nacional",
  "Designação do patrimônio": "Herança nacional italiana",
  "Inauguração": "1747, (278 anos)",
  "Parte de": "Italian National Libraries",
  "Membro de": "Polo biblioteca nazionale centrale di Firenze, National Collective Archive of Periodicals, Conference of European National Librarians",
  "Acervo": "13 500 000, 789 053, 10 500 000, 10 515 000, 15 000 000, 792 923, 8 999 667 volume, 4 089",
  "Área": "39 124 metro quadrado, 2 608 metro quadrado",
  "Visitantes anuais": "200 000, 55 767, 35 658",
  "Coordenadas": "43° 46' 1.493\" N, 11° 15' 44.452\" E",
  "Localização": "Florença",
  "País": "Itália"
}