{
  "Período": "3 de janeiro, de, 1977, a, 9 de janeiro, de, 1979",
  "Vice-presidente": "Al Gore",
  "Antecessor(a)": "Jim Guy Tucker",
  "Sucessor(a)": "Steve Clark",
  "Vice-governador": "Joe Purcell",
  "Governador": "David Pryor",
  "Nome completo": "William Jefferson Blythe III, William Jefferson Clinton",
  "Nascimento": "19 de agosto, de, 1946, (78 anos), Hope, ,, Arkansas, ,, Estados Unidos",
  "Nacionalidade": "norte-americano",
  "Progenitores": "Mãe:, Virginia Dell Cassidy, Pai:, William Jefferson Blythe, Jr.",
  "Alma mater": "Universidade de Georgetown, University College, Oxford, Universidade Yale",
  "Esposa": "Hillary Clinton, (1975–presente)",
  "Filhos(as)": "Chelsea Clinton",
  "Partido": "Democrata",
  "Religião": "Metodismo, (, Igreja Metodista Unida, )",
  "Profissão": "Advogado",
  "Assinatura": ""
}