{
  "Nome completo": "Robert Nesta Marley",
  "Também conhecido(a) como": [
    "Rei do Reggae",
    "Tuff Gong"
  ],
  "Nascimento": "6 de fevereiro, de, 1945, Nine Mile, ,, Saint Ann, ,, Jamaica",
  "Morte": "11 de maio, de, 1981, (36 anos), Miami, ,, Flórida, ,, Estados Unidos",
  "Nacionalidade": "jamaicano",
  "Gênero(s)": [
    "Ska",
    "Rocksteady",
    "Reggae"
  ],
  "Progenitores": "Mãe:, Cedella Booker, Pai:, Norval Sinclair Marley",
  "Filho(a)(s)": [
    "Imani Carole MarleySharon MarleyCedella MarleyZiggy MarleyStephen MarleyRobbie MarleyRohan MarleyKaren MarleyStephanie MarleyJulian MarleyKy-Mani MarleyDamian MarleyMakeda Jahnesta Marley"
  ],
  "Instrumento(s)": [
    "vocal",
    "guitarra elétrica",
    "violão",
    "percussão"
  ],
  "Extensão vocal": "tenor",
  "Período em atividade": "1962, —, 1980",
  "Gravadora(s)": [
    "Studio One",
    "Beverley's",
    "Upsetter",
    "Trojan",
    "Island",
    "Tuff Gong"
  ],
  "Afiliação(ões)": [
    "The Wailers",
    "Peter Tosh",
    "Bunny Wailer",
    "Johnny Nash",
    "The Upsetters",
    "Lee \"Scratch\" Perry"
  ],
  "Página oficial": "www, .bobmarley, .com"
}