{
  "Nome completo": "Robert Allen Zimmerman",
  "Pseudônimo(s)": "Bob Dylan",
  "Outros nomes": [
    "Robert Dylan(legal)",
    "Shabtai Zissel ben Avraham (emhebraico:שבתי זיסל בן אברהם;romaniz.:Shabtai Zisl ben Avraham)[1][2]",
    "Elston Gunnn",
    "Blind Boy Grunt",
    "Bob Landy",
    "Robert Milkwood Thomas",
    "Tedham Porterhouse",
    "Lucky Wilbury",
    "Boo Wilbury",
    "Jack Frost",
    "Sergei Petrov",
    "Zimmy"
  ],
  "Nascimento": "24 de maio, de, 1941, (83 anos), Duluth, ,, Minnesota, ,, Estados Unidos",
  "Residência": "Malibu, ,, Califórnia, ,, Estados Unidos",
  "Nacionalidade": "norte-americano",
  "Cônjuge": [
    "Sara Noznisky(c. 1965; div. 1977)",
    "Carolyn Dennis(c. 1986; div. 1992)"
  ],
  "Filho(a)(s)": "6, incluindo, Jesse Dylan, e, Jakob Dylan",
  "Ocupação": [
    "Cantor",
    "Artista",
    "Escritor"
  ],
  "Período de atividade": "1959–presente, [, 3, ]",
  "Prêmios": "Prêmio Nobel de Literatura, (2016)",
  "Filiação": [
    "Joan Baez",
    "The Band",
    "Johnny Cash",
    "Grateful Dead",
    "George Harrison",
    "Mark Knopfler",
    "Tom Petty and the Heartbreakers",
    "Traveling Wilburys"
  ],
  "Gênero(s)": [
    "Folk",
    "Folk rock",
    "Blues",
    "Rock",
    "Country",
    "Pop",
    "Jazz",
    "Folk contemporâneo",
    "Gospel"
  ],
  "Instrumento(s)": [
    "Vocal",
    "Guitarra",
    "Teclado",
    "Harmônica",
    "Gaita"
  ],
  "Gravadora(s)": [
    "Columbia",
    "Asylum"
  ],
  "Website": "bobdylan, .com"
}