{
  "Lema": "Sicut patribus sit Deus nobis, (\"Assim como Deus estava com nossos pais, que ele esteja conosco\", em língua, latina, )",
  "Apelido(s)": "Beantown (\"A vila do feijão\"),, [, 1, ], The Hub (of the Universe) (O Núcleo (do Universo)),, [, 1, ], The Cradle of Liberty (O Berço da Liberdade),, [, 2, ], The Cradle of Modern America, (O Berço da América Moderna),, [, 1, ], The Athens of America (A Atenas da América),, [, 2, ], The Walking City(A Cidade Andante), [, 1, ]",
  "Gentílico": "bostoniano(a)",
  "Coordenadas": "42° 21′ 29″ N, 71° 03′ 49″ O",
  "País": "Estados Unidos",
  "Estado": "Massachusetts",
  "Região": "Nova Inglaterra",
  "Condado": "Suffolk",
  "Países históricos": "Reino da Inglaterra, Comunidade da Inglaterra, Reino da Grã-Bretanha",
  "Colônias históricas": "Colônia da Baía de Massachusetts, Domínio da Nova Inglaterra, Província da Baía de Massachusetts",
  "Fundação (vila)": "7 de setembro, de, 1630, (394 anos)",
  "Incorporação": "19 de março, de, 1822, (203 anos)",
  "Nomeado por": "Boston (Lincolnshire)",
  "Prefeito(a)": "Michelle Wu, (, D, ) (desde 16 de novembro de 2021)",
  "Área total[3]": "232,10 km²",
  "• Área seca": "125,20 km²",
  "• Área molhada": "106,90 km² — 46,1%",
  "População total(2020)[4]": "675 647 hab.",
  "• Posição": "1ª, em Massachusetts, 24ª, nos Estados Unidos",
  "• Populaçãometropolitana": "4 941 632",
  "Densidade": "2 911 hab./km²",
  "•CSA": "8 466 186",
  "Altitude": "43 m",
  "Fuso horário": "UTC−5",
  "Horário de verão": "UTC−4",
  "ZIP Codes": [
    "02108–02137, 02163, 02196, 02199, 02201, 02203–02206, 02210–02212, 02215, 02217, 02222, 02126, 02228, 02241, 02266, 02283–02284, 02293, 02295, 02297–02298, 02467 (inclui parte de Newton e Brookline)"
  ],
  "Códigos da área": "617 e 857",
  "CódigoFIPS": "25-07000",
  "CódigoGNIS": "617565",
  "Aeroporto principal": "BOS",
  "Interestaduais": "",
  "Metropolitano": "MBTA subway",
  "Sítio": "www, .boston, .gov"
}