{
  "": "",
  "Gentílico": "bracarense, , bracaraugustano, brácaro, braguês",
  "Área": "183, km²",
  "População": "201 583, hab., (2023)",
  "Densidade populacional": "1099  hab./km²",
  "N.º defreguesias": "37",
  "Presidente dacâmara municipal": "Ricardo Rio, (, PPD/PSD, ., CDS-PP, ., PPM, ., A, ,, 2021–2025, )",
  "Fundação do município(ou foral)": "16 a.C. (Imperador Otávio César Augusto)",
  "Região (NUTS II)": "Norte",
  "Sub-região (NUTS III)": "Cávado",
  "Distrito": "Braga",
  "Província": "Minho",
  "Orago": "São Geraldo, Arcebispo Primaz de Braga",
  "Feriado municipal": "24 de junho, (, São João, )",
  "Código postal": "4700 Braga",
  "Sítio oficial": "http://www.cm-braga.pt"
}