{
  "Nascimento": "7 de abril, de, 1884, Cracóvia, ,, Reino da Galícia e Lodoméria, ,, Áustria-Hungria",
  "Morte": "16 de maio, de, 1942, New Haven, ,, Connecticut",
  "Sepultamento": "Evergreen Cemetery",
  "Cidadania": "Áustria-Hungria, (até 1918), Polônia, (desde 1918), Reino Unido, (desde 1931)",
  "Progenitores": [
    "Lucjan Malinowski"
  ],
  "Cônjuge": "Elsie Masson, Valetta Swann",
  "Alma mater": "Universidade Jaguelônica, (PhD, 1908), London School of Economics, (D.Sc., 1916)",
  "Ocupação": "antropólogo, ,, professor universitário, ,, sociólogo, ,, professor universitário, , etnógrafo,, fotógrafo, , social anthropologist, etnologista",
  "Principais trabalhos": "Argonautas do Pacífico Ocidental, (1922)",
  "Distinções": [
    "Messenger Lectures (1932)",
    "Honorary Fellow of the Royal Society Te Apārangi (1936–)"
  ],
  "Empregador(a)": "Universidade Cornell, ,, London School of Economics, ,, Universidade Yale",
  "Causa da morte": "enfarte agudo do miocárdio"
}