{
  "Lema": "Patria si Dreptul Meu, (\"A Pátria e meu direito\")",
  "Apelido(s)": "Pequena Paris do Oriente",
  "Coordenadas": "44° 26′ N, 26° 06′ L",
  "País": "Romênia",
  "Região histórica": "Munténia",
  "Região estatística": "Bucareste-Ilfov",
  "Primeira menção histórica": "1459",
  "Prefeito": "Gabriela Firea, (, PSD, , 2016)",
  "Área total[1][2][3]": "228 km²",
  "• Área urbana": "412 km²",
  "• Área metropolitana": "1 811 km²",
  "População total(2011)[1][2][4]": "1 883 425 hab.",
  "• Populaçãourbana": "2 155 000",
  "• Populaçãometropolitana": "2 412 530",
  "Densidade": "8 260,6 hab./km²",
  "• Densidade urbana": "5 230,6 hab./km²",
  "• Densidade metropolitana": "1 332,2 hab./km²",
  "Altitude": "70 m",
  "Altitude máxima": "96 m",
  "Altitude mínima": "56 m",
  "Código postal": "0xxxxx",
  "Prefixo telefónico": "+40 (0)21",
  "Sítio": "www, .pmb, .ro"
}