{
  "Divindade": "Deus no budismo",
  "Fundador(es)": "Sidarta Gautama",
  "Origem": "Século V a.C., ,, Subcontinente Indiano",
  "Ramificações": "teravada, ,, maaiana, ,, vajrayana",
  "Tipo": "Não-teísta, ,, transteísta",
  "Religiões relacionadas": "Dármicas",
  "Número de adeptos": "c., 500 milhões de pessoas",
  "Membros": "Budistas",
  "Escrituras": "Cânone Pāli",
  "Lugares sagrados": "Lumbini, ,, Bodh Gaya, ,, Saranate, ,, Kushinagar, ,, Rajagarra, ,, Vaixali, , etc",
  "Língua litúrgica": "Sânscrito",
  "Templos": "pagode, ,, viara, ,, estupa, ,, wat",
  "Clero": "lama, ,, bico",
  "Cisma": "Religião védica",
  "Predominância geográfica": "Extremo Oriente, ,, Sudeste asiático, e, Subcontinente indiano"
}