{
  "Apelido(s)": "The Queen City, ,, The City of Good Neighbors, ,, The City of No Illusions, ,, The Nickel City, ,, Queen City of the Lakes, ,, City of Light",
  "Gentílico": "Buffalonian",
  "Coordenadas": "42° 54′ 17″ N, 78° 50′ 58″ O",
  "País": "Estados Unidos",
  "Estado": "Nova Iorque",
  "Condado": "Erie",
  "Distância até acapital": "471 km",
  "Fundação (como aldeia)": "1789, (236 anos)",
  "Fundação": "1801, (224 anos)",
  "Incorporação": "1832, (193 anos)",
  "Prefeito": "Byron Brown, (, D, ) (desde, 1 de janeiro, de, 2006, )",
  "Área total[1]": "135,92 km²",
  "• Área seca": "104,58 km²",
  "• Área molhada": "31,34 km²",
  "População total(2020)[carece de fontes?]": "278,349 hab.",
  "• Populaçãourbana": "935,906",
  "• Populaçãometropolitana": "1,130,152",
  "Densidade": "2 hab./km²",
  "•CSA": "1,206,992",
  "Altitude": "200 m",
  "Fuso horário": "UTC−5",
  "Horário de verão": "UTC−4",
  "ZIP Codes": "142XX",
  "Códigos da área": "716",
  "CódigoFIPS": "36-11000",
  "CódigoGNIS": "0973345",
  "Aeroporto principal": "BUF",
  "Interestadual": "",
  "U.S. Routes": "",
  "Metrô": "VLT de Buffalo",
  "Sítio": "www, .buffalony, .gov"
}