{
  "•Hangul": "부, 산, 시",
  "•Hanja": "釜, 山, 市",
  "•Romanização Revisada": "Busan Gwangyeoksi",
  "•McCune-Reischauer": "Pusan Kwangyŏksi",
  "Gentílico": "Busanita",
  "Coordenadas": "35° 06′ 10″ N, 129° 02′ 25″ L",
  "Região": "Yeongnam",
  "Subdivisões": "16",
  "Prefeito": "Park Hyung-joon, (2021,, PPP, )",
  "Área total": "770,04 km²",
  "População total(17 de dezembro de 2017)": "3 500 000 hab.",
  "• Populaçãometropolitana": "4 600 000",
  "Densidade": "4 545,2 hab./km²",
  "Fuso horário": "KST, (, UTC+9, )",
  "Árvore": "Araucária",
  "Flor": "Camélia",
  "Pássaro": "Gaivota",
  "Sítio": "english.busan.go.kr"
}