{
  "Capitale maior cidade": "Sarajevo, 43º52'N 18º25'E",
  "Língua oficial": "Bósnio, ,, croata, e, sérvio",
  "Gentílico": "bósnio",
  "Governo": "República parlamentarista federal tripartida, [, 1, ]",
  "•Alto Representante": "Christian Schmidt, 1",
  "•Membros da Presidência": "Željka Cvijanović, 2, Denis Bećirović, 3, Željko Komšić, 4",
  "•Presidente do Conselho de Ministros": "Borjana Krišto",
  "• Formada": "29 de agosto, de, 1189",
  "•Reino estabelecido": "26 de outubro, de, 1377",
  "• Independência perdida para oImpério Otomano": "1463",
  "•IndependênciadaIugoslávia": "1 de março, de, 1992",
  "• Reconhecida": "6 de abril, de, 1992",
  "• Total": "US$ 42 530 milhões (, 113.º, )",
  "• Estimativa para 2016": "3 861 912 hab. (, 129.º, )",
  "• Censo 1991": "4 377 033 hab.",
  "•Densidade": "69 hab./km²",
  "PIB(basePPC)": "Estimativa para 2016",
  "•Per capita": "US$ 11 000 (, 137.º, )",
  "IDH(2019)": "0,780 (, 73.º, ) –, alto, [, 2, ]",
  "Moeda": "Marco convertível, (, BAM, )",
  "Fuso horário": "Horário da Europa Central, (, UTC, +1)",
  "• Verão (DST)": "CEST, (, UTC, +2)",
  "Cód. ISO": "BIH",
  "Cód. Internet": ".ba",
  "Cód. telef.": "+387"
}