{
  "Pronúncia:": "/ˈbɤ̞ɫ.ɡɐrs.ki/, ⓘ",
  "Falado(a) em:": "Bulgária, Romênia, Sérvia, Grécia, Macedônia do Norte, Ucrânia, Turquia",
  "Região:": "Balcãs",
  "Total de falantes:": "7,882,250 (2023), [, 1, ]",
  "Família:": "Indo-europeia, Balto-eslava, Eslava, Eslava meridional, Búlgaro",
  "Língua oficial de:": "Bulgária, União Europeia",
  "Regulado por:": "Институт За Български Език, (Instituto da Língua Búlgara)",
  "ISO 639-1:": "bg",
  "ISO 639-2:": "bul",
  "ISO 639-3:": "bul"
}