{
  "Pronúncia:": "/kajˈpi.ɹɐ/",
  "Falado(a) em:": "Brasil",
  "Região:": "São Paulo, Minas Gerais, Mato Grosso do Sul, Goiás, Paraná",
  "Total de falantes:": "sem números exatos",
  "Família:": "Indo-europeia, Itálica, Românica, Ítalo-ocidental, Ocidental, Galo-ibérica, Ibero-românica, Galaico-português, Português, Caipira",
  "Escrita:": "Alfabeto latino",
  "Língua oficial de:": "sem reconhecimento oficial",
  "Regulado por:": "sem regulamentação oficial",
  "ISO 639-1:": "--",
  "ISO 639-2:": "---"
}