{
  "Lema": "Onward, (do, inglês, : Em frente)",
  "Apelido(s)": "The Stampede City, Cowtown, Mohkínstsis, Wichispa Oyade, Guts'ists'i e outros..., [, 1, ], [, 2, ], Calgária",
  "Gentílico": "Calgariano, (em, inglês, :, Calgarian, )",
  "Coordenadas": "51° 02′ 45″ N, 114° 03′ 27″ O",
  "País": "Canadá",
  "Província": "Alberta",
  "Região": "Região Metropolitana de Calgary",
  "Divisão censitária": "N.º 6",
  "Fundação": "1875",
  "Incorporação": "7 de novembro de 1884 (, cidade pequena), [, 3, ], 1º de janeiro de 1894, (cidade), [, 3, ]",
  "Prefeito (a)": "Jyoti Gondek",
  "Órgão governante": "Conselho Municipal de Calgary",
  "• Área seca": "820,62 km²",
  "• Área urbana": "621,72 km²",
  "• Área metropolitana": "5 098,68 km²",
  "População total(2021)[4][5][6]": "1 306 784 hab.",
  "• Populaçãourbana": "1 305 550",
  "• Populaçãometropolitana": "1 481 806",
  "Densidade": "1592,4 hab./km²",
  "• Densidade urbana": "2099,9 hab./km²",
  "• Densidade metropolitana": "290,6 hab./km²",
  "Altitude[7]": "1 045 m",
  "Fuso horário": "UTC−07:00, (MST), UTC−06:00, (MDT)",
  "Código postal": "T1Y, T2A - T3S",
  "Código de área": "403, 587, 825, 368",
  "PIB": "CA$, 76,5 bilhões (2021), [, 8, ]",
  "PIBper capita": "CA$, 49 805 (2021)",
  "Sítio": "www.calgary.ca"
}