{
  "Lema": "Eureka, [, 1, ]",
  "Apelido(s)": "The Golden State, (do, inglês, : O Estado Dourado)",
  "Coordenadas": "37° N, 120° O",
  "Capital": "Sacramento",
  "Maior cidade": "Los Angeles",
  "Condados": "58",
  "Governador": "Gavin Newsom, (, D, )",
  "Vice-governador": "Eleni Kounalakis, (, D, )",
  "Língua oficial": "Inglês",
  "Línguas": [
    "Inglês58,1%",
    "Espanhol28,8%",
    "Filipino2,2%",
    "Outras 7,9%"
  ],
  "Representantes": "53",
  "Colégio eleitoral": "52 votos",
  "Senadores": "Adam Schiff, (, D, ), Alex Padilla, (, D, )",
  "Limites": "Oregon, (norte);, Baja California, , no México (sul);, Arizona, e, Nevada, (leste) e, Oceano Pacífico, (oeste)",
  "Entrada na União": "9 de setembro, de, 1850, (31º)",
  "Área total[3]": "423 967,43 km²",
  "• Área seca": "403 466,33 km²",
  "• Área molhada": "20 501,10 km²",
  "População total(2020)[4]": "39 538 223 hab.",
  "• Posição": "1.º",
  "Densidade": "93,3 hab./km²",
  "•Gentílico": "Californiano, [, 5, ]",
  "• Comprimento": "1240 km",
  "• Largura": "400 km",
  "• Altitude máxima": "4421 m",
  "• Altitude média": "880 m",
  "• Altitude mínima": "−85 m",
  "Fuso horário": "UTC−8, \\, −7",
  "IDH(2017)[6]": "0,934, —, muito alto",
  "PIB(2018)[7]": "US$, 3,018 trilhões",
  "PIBper capita(2018)": "US$, 58,619 (, 8.º, )",
  "ISO 3166-2": "US-CA",
  "USPS": "CA, Calif, Cal",
  "Sítio": "www.ca.gov"
}