{
  "Falado(a) em:": "Quênia, ,, Tanzânia, ,, Uganda",
  "Região:": "Machakos, Kitui, Makueni, e colinas Shimba",
  "Total de falantes:": "3,9 milhões (2009) + 600 mil com 2ª língua",
  "Família:": "Nigero-congolesa, Atlântico-Congo, Volta-Congo, Benue-Congo, Bantoide, Meridional, Banta, Banta Nordeste], Thagiicu, Thagiicu Leste, Camba (Kikamba)",
  "Escrita:": "Latina",
  "ISO 639-1:": "--",
  "ISO 639-2:": "kam",
  "ISO 639-3:": "ambos:, kam, —, Kamba, dhs, —, Dhaiso (Thaisu)"
}