{
  "Capital": "Ottawa, 45° 24' 00\" N 75° 40' 00\" O",
  "Maior cidade": "Toronto",
  "Língua oficial": "Inglês, e, francês",
  "Gentílico": "canadense, ou, canadiano, (a), [, 3, ], [, 4, ]",
  "Governo": "Monarquia constitucional, federal, parlamentarista",
  "•Monarca": "Charles III",
  "•Governadora-geral": "Mary Simon",
  "•Primeiro-ministro": "Mark Carney",
  "Legislatura": "Parlamento",
  "•Câmara alta": "Senado",
  "•Câmara baixa": "Câmara dos Comuns",
  "•Ato da América do Norte Britânica": "1 de julho, de, 1867",
  "•Estatuto de Westminster": "11 de dezembro, de, 1931",
  "•Ato do Canadá": "17 de abril, de, 1982",
  "• Total": "US$, 1,600, trilhão, *, [, 7, ], (, 9.º, )",
  "• Água (%)": "8,62 (891 163 km²)",
  "• Estimativa para 2020": "38 005 238, [, 5, ], hab. (, 38.º, )",
  "• Censo 2016": "35 151 728, [, 6, ], hab.",
  "•Densidade": "3,92 hab./km² (, 228.º, )",
  "PIB(basePPC)": "Estimativa para 2020",
  "•Per capita": "US$ 42 080, [, 7, ], (, 17.º, )",
  "IDH(2021)": "0,936 (, 15.º, ) –, muito alto, [, 8, ]",
  "Moeda": "Dólar canadense, ($) (, CAD, )",
  "Fuso horário": "(, UTC, ­-3,5 a -­8)",
  "Cód. ISO": "CA",
  "Cód. Internet": ".ca",
  "Cód. telef.": "+1",
  "Websitegovernamental": "www, .canada, .ca"
}