{
  "Nascimento": "Carl Philipp Gottlieb Clauswitz, 1 de junho de 1780, Burg, (, Sacro Império Romano-Germânico, )",
  "Morte": "16 de novembro de 1831 (, 51 anos, ), Breslávia, (, Reino da Prússia, )",
  "Sepultamento": "Saxônia-Anhalt",
  "Cidadania": "Reino da Prússia",
  "Cônjuge": "Marie von Brühl",
  "Ocupação": "oficial, , teórico militar,, escritor, ,, filósofo, ,, militar, ,, historiador, , oficial do exército",
  "Distinções": [
    "Espada Dourada pela Bravura",
    "Ordem de São Jorge, 4.ª classe",
    "Cavaleiro 2.ª classe da Ordem da Águia Vermelha",
    "Cruz de Ferro, 1.ª Classe",
    "Comandante da Ordem Militar de Maria Teresa",
    "Knight First Class of the Order of the Sword",
    "Ordem de São Vladimir",
    "Ordem de Santa Ana",
    "Cruz de Ferro, 2.ª Classe"
  ],
  "Obras destacadas": "Da Guerra",
  "Causa da morte": "cólera"
}