{
  "Reinado": "9 de outubro, de, 768, a, 28 de janeiro, de, 814",
  "Coroação": "9 de outubro, de, 768",
  "Sucessor(a)": "Luís I",
  "Predecessor(a)": "Pepino",
  "Co-monarca": "Carlomano I, (768–771)",
  "Nascimento": "2 de abril, de, 742, [, 1, ], Frância",
  "Morte": "28 de janeiro, de, 814, (71 anos), Aachen, ,, Sacro Império Romano-Germânico",
  "Sepultado em": "Catedral de Aachen, ,, Aachen, ,, Alemanha",
  "Esposas": "Desiderata da Lombardia, Hildegarda de Vinzgouw, Fastrada, Luitgarda",
  "Descendência": "Carlos, o Jovem, Pepino da Itália, Rotrude, Luís, o Piedoso, Lotário, Berta, Gisela, Teodrada, Hiltrude",
  "Casa": "Carolíngia",
  "Pai": "Pepino, o Breve",
  "Mãe": "Berta de Laon",
  "Religião": "Católico",
  "Assinatura": "",
  "Veneração por": "Igreja Católica",
  "Beatificação": "814, Aachen, por um bispo da crote, posteriormente confirmado pelo, Papa Bento XIV, [, 2, ]",
  "Canonização": "1166, por, Antipapa Pascoal III, [, 2, ], (não reconhecida pela, Santa Sé, )",
  "Principaltemplo": "Catedral de Aachen",
  "Festa litúrgica": "28 de janeiro, (, Aachen, e, Osnabruque, )",
  "Atribuições": "Flor de lis, ;, Águia Alemã",
  "Padroeiro": "Amantes, crianças na escola, monarcas da França e Alemanha,, cavaleiros, , pessoas no, cadafalso, ,, cruzados"
}