{
  "Conhecido(a) por": "Nomenclatura binomial, ,, Classificação científica",
  "Nascimento": "23 de maio, de, 1707, Råshult, ,, Småland, ,, Suécia",
  "Morte": "10 de janeiro, de, 1778, (70 anos), Uppsala, ,, Suécia",
  "Causa da morte": "complicações devido à, gota, e, acidente vascular cerebral",
  "Residência": "Suécia, ,, Países Baixos",
  "Nacionalidade": "sueco",
  "Cônjuge": "Sara Elisabeth Moræa",
  "Alma mater": "Universidade de Uppsala, Universidade de Lund",
  "Magnum opus": "Systema Naturae",
  "Religião": "luterano",
  "Instituições": "Academia Real das Ciências da Suécia",
  "Campo(s)": "biologia, ,, taxonomia, ,, zoologia, ,, ecologia",
  "Notas": "Brasão de armas, de Carolus Linnaeus."
}