{
  "Nascimento": "23 de junho de 1904, Wakefield",
  "Morte": "3 de junho de 1981 (, 76 anos, ), Gloucester",
  "Cidadania": "Estados Unidos",
  "Filho(a)(s)": "Carleton S. Coon Jr., Charles Coon",
  "Alma mater": [
    "Universidade Harvard",
    "Academia Phillips"
  ],
  "Ocupação": "antropólogo, ,, professor universitário, , etnologista,, escritor",
  "Distinções": [
    "legionário da Legião do Mérito (1945)",
    "Viking Fund Medal (1951)",
    "Athenaeum Literary Award (The Origin of Races, 1962)"
  ],
  "Empregador(a)": "Universidade Harvard, ,, Escritório de Serviços Estratégicos, ,, Universidade da Pensilvânia",
  "Obras destacadas": "The Races of Europe, The Origin of Races",
  "Religião": "congregacionalismo"
}