{
  "Lema": "Esse quam videri, (do, latim, :, Ser, ao invés de parecer, )",
  "Apelido(s)": "Old North State; Tar Heel State",
  "Coordenadas": "35° 30′ N, 80° 00′ O",
  "Capital": "Raleigh",
  "Maior cidade": "Charlotte",
  "Condados": "100",
  "Governador": "Josh Stein, (, D, )",
  "Vice-governador": "Rachel Hunt, (, D, )",
  "Língua oficial": "Inglês, [, 1, ]",
  "Línguas": [
    "Inglês90.7%",
    "Espanhol6.93%",
    "Outras 2.37%[2]"
  ],
  "Representantes": "13",
  "Colégio eleitoral": "16 votos",
  "Senadores": "Thom Tillis, (, R, ), Richard Burr, (, R, )",
  "Limites": "Virgínia, (norte),, Carolina do Sul, ,, Geórgia, (sul),, Oceano Atlântico, (leste) e, Tennessee, (oeste)",
  "Entrada na União": "21 de novembro, de, 1789, (12º)",
  "Área total[3]": "139 390,98 km²",
  "• Área seca": "125 919,81 km²",
  "• Área molhada": "13 471,18 km²",
  "População total(2020)[4]": "10 439 388 hab.",
  "• Posição": "12.º",
  "Densidade": "74,9 hab./km²",
  "•Gentílico": "Norte-carolinense, [, 5, ]",
  "• Comprimento": "901 km, [, 6, ]",
  "• Largura": "261 km",
  "• Altitude máxima": "2037 m, [, 7, ]",
  "• Altitude média": "210 m",
  "• Altitude mínima": "0 m",
  "Fuso horário": "UTC−5, \\, −4",
  "IDH(2017)[8]": "0,909, —, muito alto",
  "PIB(2018)[9]": "US$, 575,605 bilhões",
  "PIBper capita(2018)": "US$, 44,325 (, 32.º, )",
  "ISO 3166-2": "US-NC",
  "USPS": "NC, N.C.",
  "Sítio": "www.nc.gov"
}