{
  "Lema": "Dum spiro, spero, (do, latim, : Enquanto eu respiro, eu tenho esperanças), Animis opibusque parati, (do latim: Preparado na mente e em recursos)",
  "Apelido(s)": "The Palmetto State",
  "Coordenadas": "34° N, 81° O",
  "Capital": "Colúmbia",
  "Maior cidade": "Charleston",
  "Condados": "46",
  "Governador": "Henry McMaster, (, R, )",
  "Vice-governador": "Kevin L. Bryant (, R, )",
  "Língua oficial": "Inglês",
  "Representantes": "7",
  "Colégio eleitoral": "9 votos",
  "Senadores": "Lindsey Graham, (, R, ), Tim Scott, (, R, )",
  "Limites": "Carolina do Norte, (norte),, Oceano Atlântico, (sudeste) e, Geórgia, (sudoeste)",
  "Entrada na União": "23 de maio, de, 1788, (8º)",
  "Área total[1]": "82 932,69 km²",
  "• Área seca": "77 856,86 km²",
  "• Área molhada": "5 075,83 km²",
  "População total(2020)[2]": "5 118 425 hab.",
  "• Posição": "26.º",
  "Densidade": "61,7 hab./km²",
  "•Gentílico": "Sul-carolinense, [, 3, ]",
  "• Comprimento": "420 km",
  "• Largura": "320 km",
  "• Altitude máxima": "1085 m, [, 4, ]",
  "• Altitude média": "110 m",
  "• Altitude mínima": "0 m",
  "Fuso horário": "UTC−5, \\, −4",
  "IDH(2017)[5]": "0,894, —, muito alto",
  "PIB(2018)[6]": "US$, 234,367 bilhões",
  "PIBper capita(2018)": "US$, 37,063 (, 46.º, )",
  "ISO 3166-2": "US-SC",
  "USPS": "SC, S.C.",
  "Sítio": "www.sc.gov"
}