{
  "Período": "5 de janeiro de 1979, até 1º de dezembro de 1988",
  "Antecessor(a)": "Bus Yourell",
  "Sucessor(a)": "Jesse White",
  "Presidente": "Bill Clinton, George W. Bush",
  "Nome completo": "Carol Elizabeth Moseley Braun",
  "Nascimento": "16 de agosto, de, 1947, (77 anos), Chicago, ,, Illinois, ,, Estados Unidos",
  "Nacionalidade": "norte-americana",
  "Alma mater": "Universidade de Illinois em Urbana-Champaign, Universidade de Illinois, em Chicago, (, BA, ), Universidade de Chicago, (, JD, )",
  "Esposo": "Michael Braun, (1973–1986)",
  "Partido": "Democrata"
}