{
  "Estado": "França, Espanha, Parma, Etrúria, Nápoles, Sicília, Duas Sicílias, Luxemburgo",
  "Título": "Rei de França, Rei de Navarra, Rei de Espanha, Rei de Castela, Rei de Aragão, Duque de Parma, Rei da Etrúria, Rei de Nápoles, Rei da Sicília, Rei das Duas Sicílias, Príncipe de Condé, Príncipe de Conti, Grão-Duque de Luxemburgo, Delfim de França",
  "Fundador": [
    "Roberto, Conde de Clermont",
    "Beatriz de Borgonha, Senhora de Bourbon"
  ],
  "Fundação": "1268",
  "Casa originária": "Capetiana",
  "Etnia": "Francos"
}