{
  "Falado(a) em:": "(veja, abaixo, )",
  "Total de falantes:": "≅ 600 milhões (nativos), [, 1, ], [, 2, ], [, 3, ]",
  "Posição:": "3.º (nativos e não nativos)",
  "Família:": "indo-europeia, itálica, românica, ítalo-ocidental, românica ocidental, galo-ibérica, ibero-românica, ibero-ocidental, Castelhano ou Espanhol",
  "Escrita:": "alfabeto latino",
  "Língua oficial de:": [
    "Argentina",
    "Bolívia",
    "Chile",
    "Colômbia",
    "Costa Rica",
    "Cuba",
    "Equador",
    "Espanha",
    "El Salvador",
    "Guiné Equatorial",
    "Guatemala",
    "Honduras",
    "México",
    "Nicarágua",
    "Panamá",
    "Paraguai",
    "Peru",
    "República Dominicana",
    "Uruguai",
    "Venezuela",
    "Porto Rico",
    "República Árabe Saaraui Democrática",
    "Andorra",
    "Estados Unidos(especialmente noCinturão do Sol)",
    "Belize",
    "Gibraltar"
  ],
  "ISO 639-1:": "es",
  "ISO 639-2:": "spa"
}