{
  "Falado(a) em:": "Espanha, Andorra, Itália, França",
  "Região:": "Europa",
  "Total de falantes:": "4,1 milhões, (em 2012, como nativos), [, 1, ], mais de 10 milhões, (em 2018, como língua nativa ou secundária), [, 2, ]",
  "Posição:": "75",
  "Família:": "Indo-Europeia, Itálica, Românica, Ítalo-Ocidental, Galo-Ibérica, Galo-Românica, Occitano-Românica, [, 3, ], Catalão",
  "Escrita:": "Alfabeto latino",
  "Língua oficial de:": "Andorra, Catalunha, (, Espanha, ), Comunidade Valenciana, (, Espanha, ), Ilhas Baleares, (, Espanha, )",
  "Regulado por:": "Institut d'Estudis Catalans, Acadèmia Valenciana de la Llengua",
  "ISO 639-1:": "ca",
  "ISO 639-2:": "cat",
  "ISO 639-3:": "cat"
}