{
  "Tipo": "Rede de rádio e televisão comercial",
  "País": "Estados Unidos",
  "Fundação": "18 de setembro de 1927, ; há 97 anos, (rádio), 1 de julho de 1941, ; há 83 anos, (televisão), por William S. Paley",
  "Pertence a": "CBS Entertainment Group",
  "Proprietário": "Paramount Global",
  "Antigo proprietário": "Viacom, (2000–2006), CBS Corporation, (1995–1999; 2006–2019)",
  "Cidade de origem": "Nova Iorque, , Estados Unidos",
  "Slogan": "America's Most Watched Network, (Rede mais assistida dos Estados Unidos da América), Only CBS, (só CBS)",
  "Formato de vídeo": "1080i, (, HDTV, ), 480i, (, 16:9, SDTV, )",
  "Nome(s) anterior(es)": "United Independent Broadcasters (1927), Columbia Phonographic Broadcasting System (1927–1928), Columbia Broadcasting System, Inc. (1928–1974), CBS, Inc. (1974–1997), CBS Worldwide, Inc. (1997–2003)",
  "Página oficial": "cbs, .com, cbsbrasil, .com"
}