{
  "Pronúncia:": "[bɪ.n̪ɪˈs̪ʌ.jʌʔ]／[s̪ɪ.n̪ʊɡ.bɔˈʔʌ.n̪ɔn̪]",
  "Outros nomes:": "Sinugbuanong binisaya",
  "Falado(a) em:": "Filipinas",
  "Região:": "Ilhas Vissaias, e, Mindanau",
  "Total de falantes:": "c. 24,3 milhões (2020), [, 1, ]",
  "Família:": "Austronésia, Malaio-polinésia, Borneano-filipina, Filipina, Filipina central, Vissaiana, Cebuano",
  "Escrita:": "Abakada, cebuano (, latino, ), Braille das Filipinas, Escrita baybayin Badlit, [, a, ]",
  "Língua oficial de:": "Filipinas, [, b, ]",
  "Regulado por:": "Akademyang Bisaya, (Academia das Vissaias de Artes e Letras), Komisyon sa Wikang Filipino, (Comissão da Língua Filipina)",
  "ISO 639-1:": "--",
  "ISO 639-2:": "ceb",
  "ISO 639-3:": "ceb"
}