{
  "Formação": "18 de setembro, de, 1947, (77 anos)",
  "Órgãos precedentes": [
    "OSS(1942–45)[1]"
  ],
  "Tipo": "Agência",
  "Sede": [
    "George Bush Center for Intelligence",
    "Langley",
    "Virgínia"
  ],
  "Sigla": "CIA",
  "Lema": "\", O trabalho de uma nação. O Centro de Inteligência, \"",
  "Empregados": "21.575, (estimado), [, 2, ]",
  "Orçamento anual": "US$, 15 bilhões, (2013), [, 2, ], [, 3, ], [, 4, ]",
  "Executivos da agência": [
    "John Ratcliffe,(Diretor da CIA)",
    "Michael Ellis,(Vice-diretor)",
    "Tulsi Gabbard,(Diretora de Inteligência Nacional)"
  ],
  "Sítio oficial": "cia, .gov"
}