{
  "Nomes alternativos": "Centro Kennedy",
  "Tipo": "Sala de concerto",
  "Estilodominante": [
    "Moderno",
    "Brutalista"
  ],
  "Arquiteto": "Edward Durell Stone",
  "Engenheiro": "Severud Associates",
  "Construção": "1964, -, 1971",
  "Início da construção": "2 de dezembro, de, 1964",
  "Fim da construção": "8 de setembro, de, 1971",
  "Inauguração": "8 setembro 1971",
  "Proprietário atual": "Governo Federal",
  "Capacidade": "2 465 assentos, [, 1, ]",
  "Presidente": "David Rubenstein, Deborah Rutter",
  "Website": "https://www.kennedy-center.org/",
  "País": "Estados Unidos",
  "Localização": "Washington, D.C.",
  "Coordenadas": "38° 53′ 44,52″ N, 77° 03′ 21″ O"
}