{
  "País": "Brasil",
  "Sede": "São Paulo, ,, SP",
  "Fundação": "1 de outubro, de, 1991, (33 anos)",
  "Fundador": "Roberto Marinho",
  "Pertence a": "Sistema Globo de Rádio, (, Grupo Globo, )",
  "Proprietário(s)": "Família Marinho",
  "Formato": "Rede de rádio, comercial",
  "Género": "Jornalismo, e, Esportes",
  "Faixa etária": "Público de 30 a 75 anos",
  "Idioma": "(em português brasileiro)",
  "Emissoras irmãs": "Rádio Globo, BH FM, Sound!",
  "Cobertura": "Nacional, (via satélite)",
  "Aplicativo móvel": "iTunes Store, :, [1], Google Play, :, [2], Windows Phone Store, :, [3]",
  "Página oficial": "cbn, .globoradio, .globo, .com"
}