{
  "Lema": "Ædes Mores Juraque Curat (, Latim, para \"Ela guarda seus templos, costumes e leis\")",
  "Apelido(s)": "The Holy City, ,, Geechice City, ,, Port City",
  "Gentílico": "Charlestonian",
  "Coordenadas": "32° 47′ N, 79° 56′ O",
  "País": "Estados Unidos",
  "Estado": "Carolina do Sul",
  "Condados": "Berkeley, (30,36%), Charleston, (69,64%)",
  "Distância até acapital": "185 km",
  "Fundação": "1783, (242 anos)",
  "Incorporação": "1893, (132 anos)",
  "Nomeado por": "Carlos II de Inglaterra",
  "Prefeito": "John Tecklenburg (, D, ) (desde, 11 de janeiro, de, 2016, )",
  "Área total[1]": "349,97 km²",
  "• Área seca": "297,22 km²",
  "• Área molhada": "52,74 km² — 15,1%",
  "População total(2020)[2]": "150 227 hab.",
  "• Posição": "1ª, na Carolina do Sul, 179ª, nos Estados Unidos",
  "• Populaçãometropolitana": "799 636",
  "Densidade": "429,3 hab./km²",
  "Altitude": "6 m",
  "Fuso horário": "UTC−5",
  "Horário de verão": "UTC−4",
  "ZIP Codes": "29401, 29403, 29405, 29407, 29409, 29412, 29414, 29424, 29425, 29455, 29492",
  "Códigos da área": "843 e 854",
  "CódigoFIPS": "45-13330",
  "CódigoGNIS": "1221516",
  "Aeroporto principal": "CHS",
  "Interestaduais": "",
  "Sítio": "www, .charleston-sc, .gov"
}