{
  "Nascimento": "28 de agosto de 1916, Waco",
  "Morte": "20 de março de 1962 (, 45 anos, ), Nyack",
  "Sepultamento": "Oak Hill Cemetery",
  "Cidadania": "Estados Unidos",
  "Alma mater": [
    "Universidade A&M do Texas",
    "Universidade do Texas em Austin",
    "Universidade de Wisconsin–Madison",
    "Universidade Columbia"
  ],
  "Ocupação": "sociólogo, ,, professor universitário",
  "Distinções": [
    "Bolsa Guggenheim"
  ],
  "Empregador(a)": "Universidade Columbia, ,, Universidade de Maryland",
  "Obras destacadas": "The Sociological Imagination, The Power Elite",
  "Causa da morte": "enfarte agudo do miocárdio"
}