{
  "Nascimento": "3 de julho de 1860, Hartford",
  "Morte": "17 de agosto de 1935 (, 75 anos, ), Pasadena",
  "Cidadania": "Estados Unidos",
  "Progenitores": [
    "Frederic Beecher Perkins",
    "Mary Ann Fitch Westcott"
  ],
  "Cônjuge": "Charles Walter Stetson, George Houghton Gilman",
  "Ocupação": "poetisa, ,, romancista, ,, filósofa, ,, socióloga, ,, escritora, ,, artista, ,, economista, , ativista pelos direitos das mulheres,, editora, , sufragista",
  "Distinções": [
    "National Women’s Hall of Fame(1994)",
    "Hall da Fama das Mulheres de Connecticut (1994)"
  ],
  "Obras destacadas": "The Yellow Wallpaper, , Herland, Women and Economics – A Study of the Economic Relation Between Men and Women as a Factor in Social Evolution",
  "Causa da morte": "cancro da mama"
}