{
  "•Hangul": "청주시",
  "•Hanja": "淸州市",
  "•Romanização Revisada": "Cheongju-si",
  "•McCune-Reischauer": "Ch'ŏngju-si",
  "Coordenadas": "36° 38′ 00″ N, 127° 29′ 00″ L",
  "Região": "Hoseo",
  "Província": "Chungcheong",
  "Área total": "940,3 km²",
  "População total": "846 291 hab.",
  "Densidade": "900 hab./km²",
  "Altitude": "39 m",
  "Fuso horário": "KST, (, UTC+9, )",
  "Código postal": "28100-28899",
  "Prefixo telefônico": "(+82) 43-2xx",
  "Sítio": "http://cheongju.go.kr/english/index.do"
}