{
  "Apelido(s)": "Windy City, ,, Chi-Town, ,, City of the Big Shoulders, ,, Second City, ,, My Kind of Town",
  "Gentílico": "Chicagoan",
  "Coordenadas": "41° 52′ 55″ N, 87° 37′ 40″ O",
  "País": "Estados Unidos",
  "Estado": "Illinois",
  "Condados": "Cook, DuPage",
  "Distância até acapital": "325 km",
  "Fundação": "aprox., 1780, (245 anos)",
  "Incorporação(como vila)": "12 de agosto, de, 1833, (191 anos)",
  "Incorporação(como cidade)": "4 de março, de, 1837, (188 anos)",
  "Fundado por": "Jean Baptiste Pointe du Sable",
  "Prefeito": "Brandon Johnson, (, D, ) (desde, 15 de maio, de, 2023, )",
  "Área total[1]": "607,44 km²",
  "• Área seca": "589,82 km²",
  "• Área molhada": "17,62 km² — 2,9%",
  "População total(2020)[2]": "2 746 388 hab.",
  "• Posição": "1º, em Illinois, 3º, nos Estados Unidos",
  "• Populaçãometropolitana": "9 618 502",
  "Densidade": "4 521,2 hab./km²",
  "•CSA": "9 986 960",
  "Altitude": "182 m",
  "Altitude máxima": "205 m",
  "Altitude mínima": "176 m",
  "Fuso horário": "UTC−6",
  "Horário de verão": "UTC−5",
  "ZIP Codes": "606xx, 607xx, 608xx",
  "Códigos da área": "312/872 e 773/872",
  "CódigoFIPS": "17-14000",
  "CódigoGNIS": "0428803",
  "Aeroporto principal": "ORD, ,, MDW, ,, RFD",
  "Interestaduais": "",
  "Sítio": "www, .chicago, .gov"
}