{
  "Domínio:": "Eukaryota",
  "Reino:": "Animalia",
  "Sub-reino:": "Eumetazoa",
  "Filo:": "Chordata",
  "Subfilo:": "Vertebrata",
  "Superclasse:": "Tetrapoda",
  "Classe:": "Mammalia",
  "Subclasse:": "Theria",
  "Infraclasse:": "Placentalia",
  "Superordem:": "Euarchontoglires",
  "Ordem:": "Primates",
  "Subordem:": "Haplorrhini",
  "Infraordem:": "Simiiformes",
  "Parvordem:": "Catarrhini",
  "Superfamília:": "Hominoidea",
  "Família:": "Hominidae",
  "Subfamília:": "Homininae",
  "Tribo:": "Hominini",
  "Subtribo:": "Panina",
  "Género:": "Pan, Oken, ,, 1816"
}