{
  "Falado(a) em:": "China, Hong Kong, Macau, Myanmar, Camboja, Filipinas, Indonésia, Malásia, Singapura, Tailândia, Taiwan, Rússia, Austrália, Laos, Vietname, Mongólia, Canadá, Estados Unidos, Alemanha, Índia, Peru, Japão",
  "Total de falantes:": "cerca de 1,4 bilhão",
  "Posição:": "1.º (nativa)",
  "Família:": "Sino-tibetana, Chinês",
  "Escrita:": "Caracteres chineses, -, chinês simplificado, -, chinês tradicional",
  "Língua oficial de:": "China, Taiwan, Hong Kong, Macau, Singapura, ONU, OCX, ANSEA",
  "Regulado por:": "Na, RPC, :, várias agências, (em chinês);, Em, Taiwan, : Conselho de Promoção do Mandarim;, Em, Singapura, : Conselho para a Promoção do Mandarim/Campanha para a Fala do Mandarim",
  "ISO 639-1:": "zh",
  "ISO 639-3:": "vários:, cdo, — min dong, cjy, — jinyu, cmn, —, mandarim, cpx, — pu xian, czh, — huizhou, czo, — min mhong, dng, — dungan, gan, —, gàn, hak, — hakka, hsn, — xiang, mnp, — min bei, nan, — min nan, wuu, — wu, yue, — yue"
}