{
  "Nome completo": "Alexandre Magno Abrão",
  "Outros nomes": [
    "Choris",
    "Alê"
  ],
  "Nascimento": "9 de abril, de, 1970, São Paulo, ,, SP",
  "Morte": "6 de março, de, 2013, (42 anos), São Paulo, SP",
  "Causa da morte": "Suicídio acidental, provocado por uma, overdose de cocaína",
  "Nacionalidade": "brasileiro",
  "Cônjuge": "Graziela Gonçalves (, c., 2003;, div., 2011)",
  "Ocupação": [
    "cantor",
    "compositor",
    "skatista",
    "cineasta",
    "roteirista",
    "empresário",
    "músico"
  ],
  "Período de atividade": "1988–2013",
  "Prêmios": "Lista",
  "Gênero(s)": [
    "skate punk",
    "rap rock",
    "hardcore melódico",
    "rap metal",
    "rock alternativo",
    "reggae",
    "hardcore punk",
    "ska",
    "hip hop"
  ],
  "Instrumento(s)": [
    "vocais",
    "guitarra",
    "violão",
    "beatbox"
  ],
  "Gravadora(s)": [
    "Virgin",
    "EMI",
    "Sony Music"
  ]
}