{
  "Pronúncia:": "tChocué",
  "Outros nomes:": "Chócué, Côkwe, Chokwe, Ciokwe, Djok, Kioko, Quioco, Shioko, Tchocué, Tshokwe, e, Tschiokloe",
  "Falado(a) em:": "Angola, Zâmbia, República Democrática do Congo",
  "Total de falantes:": "1 004 200",
  "Família:": "Nigero-congolesa, Atlântico-congolesa, Volta-congolesa, Benue-congolesa, Bantoide, Meridional, Bantu, Central, K, Chócue, (, Côkwe, chokwe, )",
  "Língua oficial de:": "Angola",
  "ISO 639-1:": "--",
  "ISO 639-2:": "cjk",
  "ISO 639-3:": "cjk"
}