{
  "Classificação": "Protestante",
  "Orientação": "Calvinista",
  "Origem": "1522, (503 anos) (, Caso das Salsichas, - início da, Reforma Protestante, em, Zurique, );, 1529, (496 anos) (, Disputa de Marburgo, - separação entre o Cristianismo Reformado e, Luteranismo, );, 1536, (489 anos) (publicação da primeira edição das, Institutas da Religião Cristã, ); e, 1549, (476 anos) (, Consenso de Zurique, - definição da visão reformada da, Ceia do Senhor, .)",
  "Congregações": "145.686, [, nota 1, ], - 194.854, [, nota 2, ], [, nota 3, ]",
  "Membros": "69.915.829, [, nota 1, ], - 103.106.411, [, nota 2, ], [, nota 3, ]"
}