{
  "Nome completo": "Clement Anthony Bozewski",
  "Também conhecido(a) como": "Clement Burke, Clem Burke, Elvis Ramone",
  "Nascimento": "24 de novembro, de, 1954",
  "Origem": "Bayonne, ,, Nova Jérsia",
  "País": "Estados Unidos",
  "Morte": "6 de abril, de, 2025, (70 anos)",
  "Gênero(s)": "Punk rock, ,, new wave, ,, hard rock, ,, protopunk, ,, rock de garagem, ,, pop rock, ,, power pop",
  "Instrumento(s)": "Bateria",
  "Período em atividade": "1976 – 2025",
  "Outras ocupações": "Músico, ,, baterista",
  "Afiliação(ões)": "Blondie, Eurythmics, The Romantics, Ramones, Iggy Pop, Joan Jett, Pete Townshend, Bob Dylan, The Adult Net, Bulimia Banquet"
}