{
  "Nascimento": "23 de agosto de 1926, São Francisco, (Estados Unidos)",
  "Morte": "30 de outubro de 2006 (, 80 anos, ), Filadélfia, (Estados Unidos)",
  "Sepultamento": "Cemitério de Princeton",
  "Cidadania": "Estados Unidos",
  "Cônjuge": "Hildred Geertz",
  "Alma mater": [
    "Universidade Harvard",
    "Universidade de Antioch",
    "Antioch College"
  ],
  "Ocupação": "antropólogo, ,, professor universitário, ,, sociólogo",
  "Distinções": [
    "Prêmio Talcott Parsons (1974)",
    "Fukuoka Asian Culture Prize (1992)",
    "Huxley Memorial Medal (1983)",
    "National Book Critics Circle Award in Criticism (Works and Lives: The Anthropologist as Author, 1988)"
  ],
  "Empregador(a)": "Universidade de Chicago, ,, Instituto de Estudos Avançados de Princeton",
  "Orientador(a)(es/s)": "Talcott Parsons",
  "Obras destacadas": "Agricultural Involution",
  "Causa da morte": "enfarte agudo do miocárdio"
}