{
  "Tipo": "Canal de televisão por assinatura",
  "País": "Estados Unidos",
  "Fundação": "1 de junho, de, 1980, (44 anos), por, Ted Turner",
  "Pertence a": "CNN Global",
  "Proprietário": "Warner Bros. Discovery",
  "Cidade de origem": "Atlanta, ,, Geórgia, , Estados Unidos",
  "Sede": "Atlanta, ,, Geórgia, , Estados Unidos, Nova Iorque, , Estados Unidos",
  "Slogan": "Go there, This is CNN, The most trusted name in news, Facts first, The worldwide leader in news, Reporting from around the world, The world's news leader",
  "Formato de vídeo": "480i, (, SDTV, ), 1080i, (, HDTV, )",
  "Canais irmãos": [
    "Adult Swim",
    "Animal Planet",
    "Cartoon Network",
    "Cartoonito",
    "The CW",
    "Discovery Channel",
    "Discovery Home & Health",
    "Discovery Kids",
    "Discovery Science",
    "Discovery Theater",
    "Discovery Turbo",
    "Discovery World",
    "Film&Arts",
    "Food Network",
    "HBO",
    "HGTV",
    "Investigação Discovery",
    "I.Sat",
    "Space",
    "TBS",
    "TNT",
    "TNT Séries",
    "Turner Classic Movies",
    "TLC",
    "Tooncast",
    "Warner Channel"
  ],
  "Afiliações": "CNN Portugal, CNN Brasil, CNN en Español, CNN International, CNN Rádio",
  "Cobertura": "Mundial",
  "Página oficial": "cnn, .com"
}