{
  "Tipo": "Refrigerante",
  "Teor calórico": "425 kcal/litro",
  "Edulcorante(s)": "Açúcar",
  "Acidulante(s)": "Ácido fosfórico",
  "Fabricante": "The Coca-Cola Company",
  "Distribuidor": "Vários",
  "Origem": "Estados Unidos",
  "Introduzida": "8 de maio, de, 1886",
  "Descontinuada": [
    "Coca-Cola Light Plus"
  ],
  "Cor": "Caramelo E-150d",
  "Sabor": "Noz-de-cola",
  "Variante(s)": [
    "Coca-Cola Zero"
  ],
  "Relacionada(s)": [
    "Ice Cola",
    "Pepsi-Cola",
    "RC Cola",
    "Mecca-Cola"
  ],
  "Website": [
    "«Página oficial (Matriz)»(em inglês)",
    "Página oficial (Brasil)",
    "Página oficial (Portugal)"
  ]
}