{
  "Período": "23 de novembro, de, 1987, –, 20 de janeiro, de, 1989",
  "Presidente": "Ronald Reagan",
  "Antecessor(a)": "Frank Carlucci",
  "Sucessor(a)": "Brent Scowcroft",
  "Presidente(s)": "George H. W. Bush, Bill Clinton",
  "Nascimento": "5 de abril, de, 1937, Nova Iorque",
  "Morte": "18 de outubro, de, 2021, (84 anos), Bethesda, Maryland",
  "Nacionalidade": "norte-americano",
  "Alma mater": "Universidade da Cidade de Nova Iorque, Universidade George Washington",
  "Cônjuge": "Alma Johnson, (1962–2021)",
  "Partido": "Republicano, (1995–2021), Independente, (antes de 1995 e em 2021)",
  "Profissão": "Militar, ,, Estadista",
  "Lealdade": "Estados Unidos",
  "Serviço/ramo": "Exército dos Estados Unidos",
  "Anos de serviço": "1958–1993",
  "Graduação": "General",
  "Unidade": "3ª Divisão Blindada, 23ª Divisão de Infantaria",
  "Conflitos": "Guerra do Vietnã, Invasão do Panamá, Guerra do Golfo"
}