{
  "Búlgaro:": "Европейска комисия",
  "Croata:": "Europska komisija",
  "Tcheco:": "Evropská komise",
  "Dinamarquês:": "Europa-Kommissionen",
  "Neerlandês:": "Europese Commissie",
  "Inglês:": "European Commission",
  "Estoniano:": "Euroopa Komisjon",
  "Finlandês:": "Euroopan komissio",
  "Francês:": "Commission européenne",
  "Alemão:": "Europäische Kommission",
  "Grego:": "Ευρωπαϊκή Επιτροπή",
  "Húngaro:": "Európai Bizottság",
  "Irlandês:": "Coimisiún Eorpach",
  "Italiano:": "Commissione europea",
  "Letão:": "Eiropas Komisija",
  "Lituano:": "Europos Komisija",
  "Maltês:": "Kummissjoni Ewropea",
  "Polonês:": "Komisja Europejska",
  "Português:": "Comissão Europeia",
  "Romeno:": "Comisia Europeană",
  "Eslovaco:": "Európska komisia",
  "Esloveno:": "Evropska komisija",
  "Espanhol:": "Comisión Europea",
  "Sueco:": "Europeiska kommissionen",
  "Estabelecido": "16 de janeiro, de, 1958, (67 anos)",
  "País": [
    "Áustria",
    "Bélgica",
    "Bulgária",
    "Croácia",
    "Chipre",
    "Chéquia",
    "Dinamarca",
    "Estónia",
    "Finlândia",
    "França",
    "Alemanha",
    "Grécia",
    "Hungria",
    "Irlanda",
    "Itália",
    "Letónia",
    "Lituânia",
    "Luxemburgo",
    "Malta",
    "Países Baixos",
    "Polónia",
    "Portugal",
    "Roménia",
    "Eslováquia",
    "Eslovénia",
    "Espanha",
    "Suécia"
  ],
  "Política": "União Europeia",
  "Líder": "Presidente, (, Ursula von der Leyen, ), Vice-presidentes, (, Frans Timmermans, ,, Margrethe Vestager, ,, Valdis Dombrovskis, ,, Josep Borrell, )",
  "Apontado por": "Nomeação pelo, Conselho Europeu, e confirmação pelo, Parlamento Europeu",
  "Ministros": "33 direções-gerais",
  "Funcionários": "33 000, [, 1, ]",
  "Responsável para": "Parlamento Europeu",
  "Sede": "Bruxelas, ,, Bélgica, Cidade de Luxembourgo, ,, Luxemburgo",
  "Website": "ec.europa.eu"
}