{
  "Capital": "Camberra, 35°18'S 149°08'E",
  "Maior cidade": "•, Sydney, (metropolitana), •, Melbourne, (urbana)",
  "Língua oficial": "Inglês, (, de facto, ), N1",
  "Gentílico": "australiano(a)",
  "Governo": "Monarquia constitucional, e, democracia, federal, parlamentar",
  "•Monarca": "Carlos III",
  "•Governador-geral": "Sam Mostyn",
  "•Primeiro-ministro": "Anthony Albanese",
  "•Presidente do Supremo Tribunal": "Robert French",
  "•Constituição": "1 de janeiro, de, 1901",
  "•Estatuto de Westminster": "11 de dezembro, de, 1931",
  "•Acto de adopção do Estatuto de Westminster": "9 de outubro, de, 1942, (efectivamente em, 3 de setembro, de, 1939, )",
  "•Acto da Austrália": "3 de março, de, 1986",
  "• Total": "US$, 1,790, trilhão, *, [, 4, ], (, 13.º, )",
  "• Água (%)": "1",
  "• Estimativa para 2024": "27 195 388, [, 2, ], hab. (, 53.º, )",
  "• Censo 2021": "25 890 773, [, 3, ], hab.",
  "•Densidade": "3,5 hab./km² (, 235.º, )",
  "PIB(basePPC)": "Estimativa para 2023",
  "•Per capita": "US$ 66 589, [, 4, ], (, 5.º, )",
  "IDH(2021)": "0,951 (, 5.º, ) –, muito alto, [, 5, ]",
  "Moeda": "Dólar australiano, (, AUD, )",
  "Fuso horário": "Vários",
  "• Verão (DST)": "Vários",
  "Cód. ISO": "AUS",
  "Cód. Internet": ".au",
  "Cód. telef.": "+61",
  "Websitegovernamental": "www.australia.gov.au"
}