{
  "Tipo": "organização internacional",
  "Fundação": "17 de julho, de, 1996",
  "Sede": "Palácio dos Condes de Penafiel, Lisboa, ,, Portugal",
  "Membros": [
    "33 observadores associados",
    "Andorra",
    "Argentina",
    "Canadá",
    "Catar",
    "Chile",
    "Costa do Marfim",
    "Eslováquia",
    "Espanha",
    "Estados Unidos",
    "França",
    "Geórgia",
    "Grécia",
    "Hungria",
    "Índia",
    "Irlanda",
    "Itália",
    "Japão",
    "Luxemburgo",
    "Ilhas Maurícias",
    "Namíbia",
    "Paraguai",
    "Peru",
    "Reino Unido",
    "Roménia",
    "Senegal",
    "Sérvia",
    "Tchéquia",
    "Turquia",
    "Uruguai",
    "Conferência Ibero-americana",
    "G7+",
    "OEDP",
    "OEI"
  ],
  "Línguas oficiais": "português",
  "Secretário executivo": "Zacarias da Costa, (desde 17 de julho de 2021), [, 1, ]",
  "Sítio oficial": "cplp, .org"
}