{
  "Dinamarquês:": "Europæiske Kul- og Stålfællesskab",
  "Neerlandês:": "Europese Gemeenschap voor Kolen en Staal",
  "Finlandês:": "Euroopan hiili- ja teräsyhteisö",
  "Francês:": "Communauté européenne du charbon et de l'acier",
  "Alemão:": "Europäische Gemeinschaft für Kohle und Stahl",
  "Grego:": "Εὐρωπαϊκὴ Κοινότης Ἄνθρακος καὶ Χάλυβος",
  "Italiano:": "Comunità Europea del Carbone e dell'Acciaio",
  "Português:": "Comunidade Europeia do Carvão e do Aço",
  "Espanhol:": "Comunidad Europea del Carbón y del Acero",
  "Sueco:": "Europeiska Kol- och Stålgemenskapen",
  "Natureza jurídica": "Organização Internacional",
  "Criação": "18 de abril de 1951 (, Tratado de Paris, )",
  "Extinção": "8 de abril de 1965 (, Fusão, ), 23 de julho de 2002 (fim do tratado)",
  "Sucessor": "União Europeia"
}