{
  "Local:": "Países ao longo do, Oceano Atlântico",
  "Contexto:": "Colonialismo, e, escravidão na África",
  "Período:": "Séculos XVI-XIX",
  "Vítimas:": "Grupos étnicos da África",
  "Tipo de agressão:": "Escravidão, ,, tortura, ,, trabalho forçado, ,, assassinatos",
  "Número de vítimas:": "Cerca de 12 milhões de pessoas vendidas e escravizadas ao redor do Atlântico (sem contar seus descedentes, que também se tornavam escravos)",
  "Motivo:": "Colonialismo, ,, racismo",
  "Responsáveis:": "Impérios coloniais europeus"
}