{
  "Data": "Maio de 2022 – presente",
  "Local": "Fronteira República Democrática do Congo-Ruanda",
  "Situação": "em curso",
  "República Democrática do CongoBurundiFDLRForças de paz:SADCEACNações Unidas": [
    "Uganda(alegado por fontes de segurança, negado por Uganda)[1]"
  ],
  "Félix TshisekediPeter Cirimwami†": "Paul Kagame, Francois Habitegeko, [, 2, ], [, 3, ]",
  "40 000+[4]2 000–3 000[5]11 000[5]1 200[5]": [
    "7 000–12 000[5]6 000+[6]",
    "7 000–12 000[5]",
    "6 000+[6]"
  ]
}