{
  "Capital": [
    "Nenhuma (de jure)",
    "Berna(de facto)"
  ],
  "Maior cidade": "Zurique",
  "Língua oficial": [
    "Alemão",
    "Francês",
    "Italiano",
    "Romanche[1]"
  ],
  "Gentílico": "suíço; suíça",
  "Governo": "República diretorial, federal, com elementos de uma, democracia direta, [, 2, ]",
  "•Conselho Federal[nota 1]": [
    "Karin Keller-Sutter(Presidente)",
    "Guy Parmelin(Vice-presidente)",
    "Ignazio Cassis",
    "Albert Rösti",
    "Élisabeth Baume-Schneider",
    "Beat Jans",
    "Martin Pfister"
  ],
  "• Chanceler Federal": "Viktor Rossi",
  "• Data de fundação": "1 de agosto, de, 1291",
  "•de-facto": "22 de setembro, de, 1499",
  "• Reconhecida": "24 de outubro, de, 1648",
  "• Restaurada": "7 de agosto, de, 1815",
  "• Estado Federal": "12 de setembro, de, 1848",
  "• Total": "US$, 905, bilhões, *, [, 5, ], (, 20.º, )",
  "• Água (%)": "4,2%",
  "Fronteira": "Alemanha, ,, Áustria, ,, Liechtenstein, ,, Itália, e, França",
  "• Estimativa para 2023": "8 902 308, [, 4, ], hab. (, 99.º, )",
  "• Censo 2015": "8 327 126 hab.",
  "•Densidade": "207 hab./km² (, 48.º, )",
  "PIB(basePPC)": "Estimativa para 2023",
  "•Per capita": "US$ 102 865, [, 5, ], (, 5.º, )",
  "IDH(2022)": "0,967 (, 1.º, ) –, muito alto, [, 6, ]",
  "Moeda": "Franco suíço, (, CHF, )",
  "Fuso horário": "CET, (, UTC, +1)",
  "• Verão (DST)": "CEST (, UTC, +2)",
  "Cód. ISO": "CHE",
  "Cód. Internet": ".ch",
  "Cód. telef.": "+41",
  "Websitegovernamental": "(em alemão), [2]"
}