{
  "Data": "15 de agosto de 1945, – presente",
  "Local": "Coreia",
  "Situação": [
    "Acordo de Armistício Coreanoassinado em 27 de Julho de 1953"
  ],
  "Mudanças territoriais": [
    "As duas Coreias são divididas no38º paralelo",
    "Zona Desmilitarizada Coreanaé criada"
  ],
  "Coreia do Sul": "Coreia do Norte",
  "Rhee Syng-man(1948–1960)Yun Bo-seon(1960–1962)Park Chung-hee(1962–1980)Chun Doo-hwan(1980–1988)Roh Tae-woo(1988–1993)Kim Young-sam(1993–1998)Kim Dae-jung(1998–2003)Roh Moo-hyun(2003–2008)Lee Myung-bak(2008–2013)Park Geun-hye(2013–2017)Hwang Kyo-ahn(2017)Moon Jae-in(2017–2022)Yoon Suk-yeol(2022–presente)": [
    "Kim Il-sung(1948–1994)",
    "Kim Jong-il(1994–2011)",
    "Kim Jong-un(2011–presente)"
  ]
}