{
  "Tipo": "Organização Econômica",
  "Fundação": "5 de janeiro de, 1949",
  "Extinção": "28 de junho de, 1991",
  "Sede": "Moscou, ,, União Soviética",
  "Membros": [
    "União Soviética",
    "Alemanha Oriental",
    "Bulgária",
    "Tchecoslováquia",
    "Vietname",
    "Polônia",
    "Hungria",
    "Cuba",
    "Albânia(deixou de participar em 1961)",
    "Romênia",
    "Mongólia"
  ],
  "Línguas oficiais": "Russo, Alemão, Polonês, Búlgaro, Mongol, Tcheco, Romeno, Vietnamita, Húngaro, Espanhol"
}