{
  "Búlgaro:": "Съвет на Европейския съюз",
  "Croata:": "Vijeće Europske unije",
  "Tcheco:": "Rada Evropské unie",
  "Dinamarquês:": "Rådet for Den Europæiske Union",
  "Neerlandês:": "Raad van de Europese Unie",
  "Inglês:": "Council of the European Union",
  "Estoniano:": "Euroopa Liidu Nõukogu",
  "Finlandês:": "Euroopan unionin neuvosto",
  "Francês:": "Conseil de l'Union européenne",
  "Alemão:": "Rat der Europäischen Union",
  "Grego:": "Συμβούλιο της Ευρωπαϊκής Ένωσης",
  "Húngaro:": "Az Európai Unió Tanácsa",
  "Irlandês:": "Comhairle an Aontais Eorpaigh",
  "Italiano:": "Consiglio dell'Unione europea",
  "Letão:": "Eiropas Savienības Padome",
  "Lituano:": "Europos Sąjungos Taryba",
  "Maltês:": "Kunsill tal-Unjoni Ewropea",
  "Polonês:": "Rada Unii Europejskiej",
  "Romeno:": "Consiliul Uniunii Europene",
  "Eslovaco:": "Rada Európskej únie",
  "Esloveno:": "Svet Evropske unije",
  "Espanhol:": "Consejo de la Unión Europea",
  "Sueco:": "Europeiska unionens råd",
  "Fundação": "1 de julho de 1967, ; há 57 anos",
  "Precedida por": [
    "Conselho Especial de Ministros daCECA",
    "Conselho daCEEA",
    "Conselho daCEE"
  ],
  "Presidência": "Polónia, desde 1 de janeiro de 2025",
  "Secretária-geral": "Thérèse Blanchet, desde 1 de novembro de 2022",
  "Alto Representante da União para os Negócios Estrangeiros e a Política de Segurança": "Josep Borrell, ,, PSE, desde 1 de dezembro de 2019",
  "Assentos": "27",
  "Comités": [
    "Agricultura e pescas",
    "Competitividade",
    "Assuntos econômicos e financeiros",
    "Educação, juventude, cultura e esporte",
    "Emprego, política social, saúde e assuntos do consumidor",
    "Meio ambiente",
    "Assuntos exteriores",
    "Assuntos gerais",
    "Justiça e assuntos internos",
    "Transporte, telecomunicações e energia"
  ]
}