{
  "Reinado": "25 de julho, de, 306, a, 22 de maio, de, 337",
  "Predecessores": "Constâncio I, Galério",
  "Sucessores": "Constantino II, Constâncio II, Constante I",
  "Coimperadoresou rivais": "Galério, (306–311), Valério Severo, (306–307), Magêncio, (306–312), Maximiano, (306–308), Licínio, (308–324), Maximino II, (310–313), Valério Valente, (316-317), Martiniano, (324)",
  "Nascimento": "c., 27 de fevereiro, de, 272, Naísso, ,, Mésia Superior, ,, Império Romano",
  "Morte": "22 de maio, de, 337, (65 anos), Nicomédia, ,, Bitínia, ,, Império Romano do Oriente",
  "Sepultado em": "Igreja dos Santos Apóstolos",
  "Nome completo": "Flávio Valério Constantino",
  "Esposas": "Minervina, Fausta",
  "Descendência": "Crispo, Constantino II, Constâncio II, Constantina, Constante I, Helena",
  "Dinastia": "Constantiniana",
  "Pai": "Constâncio I",
  "Mãe": "Helena",
  "Religião": "Cristianismo, (anteriormente, politeísmo romano, )"
}