{
  "Coordenadas": "55° 40′ 34″ N, 12° 34′ 06″ L",
  "País": "Dinamarca",
  "Região": "Região da Capital",
  "Município": "Comuna de Copenhaga",
  "Gentílico": "Copenhaguês / Copenhaguesa",
  "Fundação": "Por volta do, século XI",
  "Área total": "90,01 km²",
  "• Área Urbana": "525,50 km²",
  "• Área Metropolitana": "3,371,80 km²",
  "População total": "643 613 hab.",
  "• Populaçãometropolitana": "1 969 941 hab.",
  "Código postal": "1050-1778, 2100, 2200, 2300, 2400, 2450, 2500",
  "Código de área": "(+45) 3",
  "Sítio": "international.kk.dk"
}