{
  "Nome completo": "Coretta Scott King",
  "Nascimento": "27 de abril, de, 1927, Marion, ,, AL, ,, Estados Unidos",
  "Morte": "30 de janeiro, de, 2006, (78 anos), Playas de Rosarito, ,, México",
  "Nacionalidade": "norte-americana",
  "Etnia": "Afro-americana",
  "Progenitores": "Mãe:, Bernice McMurray Scott, Pai:, Obadiah Scott",
  "Cônjuge": "Martin Luther King Jr, (1953-1968)",
  "Filho(a)(s)": "Yolanda King, Martin Luther King III, Dexter Scott King, Bernice King",
  "Ocupação": "Ativista, ,, autora",
  "Principais trabalhos": "King Center",
  "Prêmios": "Prêmio Gandhi da Paz, (2004)",
  "Religião": "Protestante"
}