{
  "": "",
  "Gentílico": "corvense, ,, corvino",
  "Área": "17,21, km²",
  "População": "435, hab., (2023)",
  "Densidade populacional": "25,3  hab./km²",
  "N.º defreguesias": "0 (ver texto)",
  "Presidente dacâmara municipal": "José Silva (, PS, ,, 2021-2025, )",
  "Fundação do município(ou foral)": "1832",
  "Região (NUTS II)": "Região Autónoma dos Açores",
  "Ilha": "Ilha do Corvo",
  "Antigo Distrito": "Horta",
  "Orago": "N. Sra. dos Milagres",
  "Feriado municipal": "20 de junho, (Elevação a vila e município)",
  "Código postal": "9980-024 Corvo",
  "Sítio oficial": "www.cm-corvo.pt"
}