{
  "Pronúncia:": "/kɾiˈolu/, /kɾiˈol/",
  "Falado(a) em:": "Cabo Verde, e em comunidades emigradas em diversos países.",
  "Região:": "Cabo Verde",
  "Total de falantes:": "926.078, [, 1, ]",
  "Família:": "Crioulo de base portuguesa, Crioulos Afro-portugueses, Crioulos da Alta-Guiné, Crioulo cabo-verdiano",
  "Escrita:": "Alfabeto latino, norma ALUPEC, [, 2, ]",
  "Língua oficial de:": "Nenhum Estado. Discute-se actualmente a sua possível oficialização em, Cabo Verde, ., [, 3, ], [, 4, ], [, 5, ]",
  "ISO 639-1:": "--",
  "ISO 639-3:": "kea"
}