{
  "Período": "10 de dezembro, de, 1997, a, 10 de dezembro, de, 2001",
  "Vice-presidente": "Julio Cobos, (2007-2011), Amado Boudou, (2011-2015)",
  "Antecessor(a)": "Hilda Duhalde",
  "Sucessor(a)": "Néstor Kirchner, como primeiro-cavalheiro",
  "Presidente": "Alberto Fernández",
  "Nascimento": "19 de fevereiro, de, 1953, (72 anos), La Plata, ,, Buenos Aires, Argentina",
  "Alma mater": "Universidade Nacional de La Plata",
  "Cônjuge": "Néstor Carlos Kirchner, (1975-2010)",
  "Filhos(as)": "2",
  "Partido": "Partido Justicialista, Integrante das tendências, FpV, (2003-2017),, UC, (2017-2019) e, TODOS, (2019-presente)",
  "Religião": "Católica, [, 1, ]",
  "Profissão": "Advogada",
  "Assinatura": ""
}