{
  "Nome completo": "Christoffa Corombo",
  "Outros nomes": [
    "Cristóvão Colombo(nomeportuguês)",
    "Cristóbal Colón(nomecastelhano)",
    "Cristoforo Colombo(nomeitaliano)",
    "Christophorus Columbus(nomelatim)"
  ],
  "Nascimento": "Entre, 22 de agosto, de, 1451, e, 31 de outubro, de, 1451, Savona, ,, República de Gênova, (hoje,, Savona, ,, Gênova, ,, Ligúria, ,, Itália, )",
  "Morte": "20 de maio, de, 1506, (55 anos), Valladolid, ,, Valladolid, ,, Coroa de Castela, (hoje,, Região histórica de Castela, ,, Castela e Leão, ,, Espanha, )",
  "Nacionalidade": "Genovês, (hoje,, italiano, )",
  "Etnia": "judaica, [, 2, ]",
  "Progenitores": "Mãe:, Susanna Fontanarossa, Pai:, Domingos Colombo",
  "Parentesco": [
    "Bartolomeu Colombo(irmão)",
    "Diego Colombo(irmão)",
    "Giovanni Colombo(avô)"
  ],
  "Cônjuge": "Filipa Moniz, (, c., 1479; m. 1484)",
  "Filho(a)(s)": [
    "Diogo Colombo",
    "Fernando Colombo",
    "Diogo Colombo(nativotaínoadotado)"
  ],
  "Ocupação": [
    "Navegador",
    "Explorador",
    "Cartógrafo",
    "Almirante",
    "Governante"
  ],
  "Cargo": [
    "Vice-reidasÍndias Ocidentais(1492–1499)",
    "Governador-geraldasÍndias Ocidentais(1492–1499)"
  ],
  "País": "Coroa de Castela",
  "Religião": "Católico"
}