{
  "Divindade": "Deus no Cristianismo",
  "Fundador(es)": "Jesus",
  "Origem": "Século I, , na, Judeia, ,, Império Romano",
  "Ramificações": "cristianismo ocidental, e, cristianismo oriental",
  "Tipo": "Monoteísta",
  "Religiões relacionadas": "Abraâmicas",
  "Número de adeptos": "2,4, bilhões, *, de pessoas, [, 1, ], [, 2, ]",
  "Membros": "Cristãos",
  "Escrituras": "Bíblia",
  "Lugares sagrados": "Jerusalém",
  "Língua litúrgica": "Latim",
  "Templos": "Igrejas",
  "Clero": "Papa, ,, bispo, ,, padre, ,, freira, ,, pastor(a)",
  "Cisma": "Judaísmo do Segundo Templo, e, judaísmo helenístico",
  "Predominância geográfica": "América, ,, Europa, ,, África Subsaariana, e, Oceania"
}