{
  "Pronúncia:": "['xr̩ʋaːtskiː]",
  "Falado(a) em:": "Croácia, Bósnia e Herzegovina, Sérvia, (Voivodina), Montenegro, Eslovênia, Roménia, Alemanha",
  "Total de falantes:": "5,6 milhões",
  "Posição:": "Fora das 100 primeiras",
  "Família:": "Indo-europeia, Balto-eslávica, Eslava, Eslava meridional, Ocidental, Servo-croata, Croata",
  "Escrita:": "Alfabeto latino",
  "Língua oficial de:": "Croácia, Bósnia e Herzegovina, Sérvia, (, Voivodina, ), União Europeia, Dependências:, Itália, (, Molise, ), Áustria, (, Burgenland, )",
  "Regulado por:": "Institut za hrvatski jezik i jezikoslovlje, (Instituto da Língua Croata e Linguística)",
  "ISO 639-1:": "hr",
  "ISO 639-3:": "hrv"
}