{
  "409": "Os, suevos, , encabeçados pelo rei, Hermerico, , pactuam um, foedus, com, Roma, e estabelecem-se formalmente na província romana da, Galécia, , que passa a ter rango de reino, com capital em, Braga, .",
  "438": "O rei, Réquila, leva a cabo a expansão, sueva, pela, Lusitânia, e, Bética",
  "448": "Morre, Réquila, em, Emerita Augusta, , o seu filho, Requiário, herda o trono.",
  "449": "O rei suevo, Requiário, converte o reino ao, catolicismo, .",
  "456": "Tem lugar a, batalha de Órbigo, , onde uma coligação de, romanos, ,, visigodos, e, francos, derrota os, suevos, acabando com a vida do rei, Requiário, .",
  "457": "O, hérulo, Agiulfo, proclama-se rei da, Galiza, .",
  "457-463": "Guerra civil entre os diversos reis suevos que possuem o trono de, Braga, .",
  "463": "Remismundo, Consegue impor-se sobre os seus opositores e se coroa rei da toda a, Galiza, .",
  "550": "Carriarico, , rei da Galiza, converte o reino ao, catolicismo, .",
  "561": "Celebra-se o, Primeiro Concílio de Braga, durante o reinado de, Teodomiro",
  "572": "Celebra-se o, Segundo Concílio de Braga, , auspiciado pelo rei, Miro, .",
  "583": "Fracassa a aliança que o rei, Miro, mantinha com, francos, e, bizantinos, para intervir na guerra civil, visigoda, .",
  "585": "O rei visigodo, Leovigildo, depõe o rei suevo, Andeca, , ficando deste jeito com o reino. Os, visigodos, governarão a Galiza até, 711, .",
  "587": "É celebrado o, III Concílio de Toledo, , ao qual assistem bispos da, Galiza, ,, Hispânia, e, Septimânia, .",
  "698-702": "O príncipe, visigodo, Vitiza, governa a, Galiza, com atribuição reais, desde a sua corte em, Tui, .",
  "711": "Desembarca em, Tarifa, um contingente militar muçulmano em apoio dos filhos de, Vitiza, . Derrota e morte do rei visigodo, Rodrigo, .",
  "714e719": "A, Hispânia, e a, Septimânia, são  tomadas pelos exércitos muçulmanos. Fim da monarquia visigoda.",
  "711-791": "A ausência da autoridade real, ocasiona que os nobres galaicos comecem a se disputarem controlo da, Galiza, . Período de formação de um novo reino cristão na, Galiza, .",
  "791": "Afonso II, fixa a capital do reino da Galiza na cidade asturiana de, Oviedo, .",
  "794": "Bispos galegos acodem ao sínodo religioso celebrado em, Francoforte, .",
  "818-847": "Descoberta dos restos atribuídos ao apóstolo, Santiago Maior, .",
  "842": "Ramiro I, derrota, Nepociano, e usurpa o trono de Oviedo.",
  "910": "Afonso III, é destronado pelo seu filho, Garcia I, que é coroado rei, e instala definitivamente na cidade de Leão a corte da, Galiza, .",
  "997": "O general muçulmano, Almançor, saqueia a cidade de, Compostela, .",
  "1027": "Morre o rei, Afonso V, de uma flechada durante o assédio a, Viseu, .",
  "1037": "Morte de, Vermudo III, da Galiza na batalha de Tamarón, contra castelhanos e navarros.",
  "": "",
  "1111": "Coroação de, Afonso Raimundez, como rei da Galiza na, Catedral de Santiago de Compostela, .",
  "1128": "Afonso Henriques, independiza o condado de, Portugal, do reino da Galiza.",
  "1230": "Fernando III, de Castela usurpa às suas irmãs os reinos da, Galiza, e, Leão, .",
  "1296-1301": "O rei João I, restaura a independência galego-leonesa e se intitula rei da, Galiza, ,, Leão, e, Sevilha, .",
  "1369": "A vilas galegas proclamam como rei a, Fernando I de Portugal, , este consegue reinar apenas uns meses até que, Henrique de Trastâmara, ataca, Portugal, .",
  "1386-1387": "Aliança entre nobres galegos e, Inglaterra, ., João de Gante, , duque de Lancaster é coroado rei na Galiza.",
  "1467-1469": "Estoura a, Grande Revolta Irmandinha, .",
  "1483": "Execução de, Pero Pardo de Cela, diante da Catedral de Mondonhedo por ordem do Governador dos, Reis Católicos, na, Galiza, .",
  "1486": "Os, Reis Católicos, viajam ao reino para constatar a submissão de todos os nobres galegos.",
  "1518": "Mobilização das cidades e vilas galegas para recuperar o seu voto legítimo nas Cortes.",
  "1623": "O reino recupera o voto das cortes reais após pagar 100.000 ducados.",
  "1808": "Formação da, Junta Superior do Reino da Galiza, com o fim de defender o reino perante os exércitos, napoleônicos, . Recuperação de atribuições de, autogoverno, extraordinárias.",
  "1833": "A regente, Maria Cristina de Bourbon, assina o, decreto, da dissolução da Junta Superior do Reino da Galiza."
}