{
  "Capitale maior cidade": "Willemstad",
  "Língua oficial": "Papiamento, ,, neerlandês, e, inglês",
  "Gentílico": "Curaçauense, [, 1, ], [, 2, ]",
  "Governo": "Monarquia constitucional",
  "•Monarca": "Guilherme Alexandre",
  "•Governadora": "Lucille George-Wout",
  "•Primeiro-ministro": "Gilmar Pisas",
  "• Total": "444, km²",
  "• Água (%)": "0",
  "• Estimativa para2023": "148 925 hab.",
  "•Densidade": "349,13 hab./km²",
  "IDH": "IDH: 0,835 (2012) – muito alto",
  "Moeda": "Florim do Caribe, (, XCG, )",
  "Fuso horário": "UTC (, UTC, -4)",
  "• Verão (DST)": "-4",
  "Cód. ISO": ".Cr",
  "Cód. Internet": ".cw",
  "Cód. telef.": "+599-9",
  "Websitegovernamental": "gobiernu.cw"
}