{
  "Gentílico": "curitibano, [, 1, ]",
  "Coordenadas": "25° 25′ 47″ S, 49° 16′ 19″ O",
  "País": "Brasil",
  "Unidade federativa": "Paraná",
  "Região metropolitana": "Curitiba",
  "Municípios limítrofes": "Almirante Tamandaré, ,, Colombo, ,, Pinhais, ,, São José dos Pinhais, ,, Fazenda Rio Grande, ,, Araucária, ,, Campo Largo, e, Campo Magro",
  "Distância até acapital": "1 386, km, [, 2, ]",
  "Fundação": "meados de, 1661, [, 3, ], [, 4, ]",
  "Emancipação": "29 de março, de, 1693, (332 anos)",
  "Prefeito(a)": "Eduardo Pimentel, (, PSD, )",
  "Área total[1]": "434,892 km²",
  "• Área urbana(IBGE/2019)[7]": "336,5 066 km²",
  "População total(Censo de 2022)[8]": "1 773 718 hab.",
  "• Posição": "BR: 6.º",
  "Densidade": "4 078,5 hab./km²",
  "Clima": "Oceânico com precipitação uniforme, (, Cfb, ), [, 5, ]",
  "Altitude[9]": "934 m",
  "Fuso horário": "Hora de Brasília (, UTC−3, )",
  "CEP": "80000-001 a 82999-999, [, 6, ]",
  "IDH(PNUD/2010)[10]": "0,823, —, muito alto",
  "Gini(IBGE/2010)[11]": "0.565",
  "PIB(IBGE/2020)[12]": "R$, 88 308 728,40 mil",
  "PIBper capita(IBGE/2020[12])": "R$, 45 318,46",
  "Sítio": "www.curitiba.pr.gov.br, (, Prefeitura, ), www.cmc.pr.gov.br, (, Câmara, )"
}