{
  "Tipo": "Câmara baixa, do, Congresso dos Estados Unidos",
  "Início de nova sessão": "3 de janeiro de 2025, (, 2025-01-03, )",
  "Presidente": "Mike Johnson, (, R, )",
  "Líder da maioria": "Steve Scalise, (, R, )",
  "Líder da minoria": "Hakeem Jeffries, (, D, )",
  "Assentos": "435, membros votantes, 6, membros não votantes, 218, membros para maioria",
  "Grupos políticos": [
    "Republicanos(220)",
    "Democratas(213)",
    "Vacante (2)"
  ],
  "Duração do mandato": "2 anos",
  "Sistema de votação": [
    "Alasca&Maine:Votação instantânea",
    "Geórgia&Luisiana:Sistema a duas voltas"
  ],
  "Última eleição": "5 de novembro de 2024",
  "Próxima eleição": "3 de novembro de 2026"
}