{
  "Pronúncia:": "/kəɾˈnuːək/",
  "Falado(a) em:": "Reino Unido",
  "Região:": "Cornualha",
  "Total de falantes:": "567 como língua principal (2021)., [, 1, ], 8000-13000 com algum nível de inteligibilidade., [, 2, ]",
  "Família:": "Indo-europeia, Celta, Celta insular, Britônica, Britônica do sudoeste, Córnico",
  "Escrita:": "Alfabeto Latino",
  "Língua oficial de:": "Língua minoritária reconhecida no, Reino Unido, [, 3, ]",
  "Regulado por:": "Akademi Kernewek",
  "ISO 639-1:": "kw",
  "ISO 639-2:": "cor",
  "ISO 639-3:": "vários:, cor, —, Córnico Moderno, cnx, —, Córnico Médio, oco, —, Córnico Antigo"
}