{
  "Pseudônimo(s)": "Charles Johnson",
  "Nascimento": "Daniel Foe, 1660, Londres",
  "Morte": "24 de abril, de, 1731, (71 anos), Londres",
  "Sepultamento": "Bunhill Fields",
  "Nacionalidade": "britânica",
  "Cidadania": "Reino da Inglaterra, ,, Reino da Grã-Bretanha",
  "Progenitores": [
    "James Foe",
    "Alice Marsh"
  ],
  "Cônjuge": "Mary Tuffley",
  "Filho(a)(s)": "Benjamin Norton Defoe, Sofia Defoe",
  "Ocupação": "escritor, jornalista",
  "Obras destacadas": "Robinson Crusoe, ,, Moll Flanders, , A Journal of the Plague Year",
  "Religião": "presbiterianismo"
}