{
  "Comprimento": "2 845 a 2 888 km",
  "Nascente": "Floresta Negra, (, Alemanha, )",
  "Caudalmédio": "6700 m³/s",
  "Foz": "delta do Danúbio, ,, Mar Negro, . (, Romênia, )",
  "Área da bacia": "795 686 km²",
  "Afluentesprincipais": "Iller, ,, Lech, ,, Inn, ,, Drava, ,, Sava, ,, Morava, ,, Tisza, ,, Prut, ,, Timok",
  "País dabacia hidrográfica": "Alemanha, Áustria, Eslováquia, Hungria, Croácia, Sérvia, Bulgária, Roménia, Moldávia, Ucrânia, Suíça, Itália, Kosovo, Macedônia do Norte, Bósnia e Herzegovina, Montenegro"
}