{
  "Período": "1° de fevereiro, de, 1991, até, 17 de fevereiro, de, 1997",
  "Governador": "Leonel Brizola",
  "Antecessor(a)": "Jamil Haddad",
  "Sucessor(a)": "Abdias do Nascimento",
  "Presidente": "João Goulart",
  "Nome completo": "Marcos Darcy Silveira Ribeiro, [, 1, ]",
  "Nascimento": "26 de outubro, de, 1922, Montes Claros, ,, MG, ,, Brasil",
  "Morte": "17 de fevereiro, de, 1997, (74 anos), Brasília, ,, DF, ,, Brasil",
  "Nacionalidade": "brasileiro",
  "Alma mater": "FESPSP",
  "Cônjuge": "Berta Ribeiro, (c.1948 s.1974), Claudia Zarvos, (c.1978 s.1990), [, 2, ]",
  "Partido": "PCB, (1940-1964), PDT, (1979-1997)"
}