{
  "Lema": "Vox clamantis in deserto, (\", Voz do que clama no deserto, \")",
  "Fundação": "13 de dezembro, de, 1769",
  "Tipo de instituição": "Privada",
  "Localização": "Hanover, ,, Nova Hampshire, ,, Estados Unidos",
  "Funcionários técnico-administrativos": "2 938, (2018)",
  "Presidente": "Sian Beilock",
  "Docentes": "943, (2018)",
  "Total deestudantes": "6 746, (2023)",
  "Campus": "Urbano, ,, 31 869, acre, (s)s (130 km, 2, )",
  "Cores": "verde, branco",
  "Mascote": "Big Green",
  "Afiliações": "Ivy League",
  "Página oficial": "dartmouth, .edu"
}