{
  "Nascimento": "12 de fevereiro de 1961, Nova Iorque",
  "Morte": "2 de setembro de 2020 (, 59 anos, ), Veneza",
  "Cidadania": "Estados Unidos, Reino Unido",
  "Etnia": "judeus",
  "Cônjuge": "Nika Dubrovsky",
  "Alma mater": [
    "Universidade Estadual de Nova Iorque em Purchase",
    "Universidade de Chicago",
    "Academia Phillips"
  ],
  "Ocupação": "antropólogo, ,, professor universitário, ,, escritor, ,, sindicalista, , social anthropologist, cultural anthropologist, etnologista",
  "Distinções": [
    "Programa Fulbright",
    "Bread and Roses Award"
  ],
  "Empregador(a)": "Universidade Yale, , Goldsmiths, University of London,, London School of Economics",
  "Orientador(a)(es/s)": "Marshall Sahlins",
  "Obras destacadas": "Fragments of an Anarchist Anthropology, Debt, Toward an Anthropological Theory of Value, The Utopia of Rules, Direct Action, The Democracy Project, Lost People, Revolutions in Reverse, Possibilities, Bullshit Jobs: A Theory, O despertar de tudo: Uma nova história da humanidade",
  "Movimento estético": "Anarquismo nos Estados Unidos, ,, antropologia anarquista",
  "Ideologia política": "anarquismo social, ,, socialismo libertário",
  "Causa da morte": "hemorragia interna,, pancreatite aguda"
}