{
  "Período": "17 de novembro, de, 2023, a, atualidade",
  "Monarca": "Isabel II",
  "Antecessor(a)": "Shaun Woodward",
  "Sucessor(a)": "Robert Courts",
  "Primeiro-ministro": "Rishi Sunak",
  "Nome completo": "David William Donald Cameron",
  "Nascimento": "9 de outubro, de, 1966, (58 anos), Londres, ,, Inglaterra, ,, Reino Unido",
  "Progenitores": "Mãe:, Mary Mount, Pai:, Ian Donald Cameron",
  "Alma mater": [
    "Eton College",
    "Brasenose College, Oxford"
  ],
  "Esposa": "Samantha Sheffield, (, c., 1996)",
  "Filhos(as)": "4",
  "Partido": "Conservador",
  "Religião": "Anglicanismo, [, 1, ]",
  "Assinatura": ""
}