{
  "Período": "20 de janeiro, de, 1961, a 20 de janeiro de, 1969",
  "Presidentes": "John F. Kennedy, Lyndon B. Johnson",
  "Antecessor(a)": "Christian Herter",
  "Sucessor(a)": "William P. Rogers",
  "Nascimento": "27 de maio, de, 1909, Condado de Cherokee, ,, Geórgia",
  "Morte": "20 de dezembro, de, 1994, (85 anos), Athens, Geórgia",
  "Nacionalidade": "norte-americano",
  "Alma mater": "Davidson College, (, BA, ), St John’s College, Oxford, (, BS, ,, MA, ), UCB, (, LLB, )",
  "Cônjuge": "Virginia Foisie, (1937–1994)",
  "Filhos(as)": "3",
  "Partido": "Democrata",
  "Profissão": "Diplomata, ,, Estadista"
}