{
  "Período": "3, –, 4 de dezembro, de, 2024",
  "Local": "Coreia do Sul",
  "Causas": "Oposição a propostas orçamentárias, Tentativa pela Assembleia Nacional de, impeachment, de promotores envolvidos em escândalos, [, 1, ], Alegações não comprovadas de interferência norte-coreana segundo o presidente Yoon Suk Yeol, [, 1, ]",
  "Objetivos": "Dissolução da Assembleia Nacional, Controle da mídia, Supressão de partidos de oposição",
  "Resultado": "Assembleia Nacional vota pelo levantamento da lei marcial, Lei de marcial revogada por Yoon, Processo de, impeachment iniciado contra Yoon, Início dos protestos nas ruas contra Yoon",
  "Presidente da Coreia do SulMinistério da Defesa Nacional–Forças ArmadasAgência Nacional de Polícia(Polícia de Seul)": [
    "Partido Democrático",
    "Poder Popular",
    "PRC",
    "Nova Reforma",
    "Partido Progressista",
    "Partido da Renda Básica",
    "Partido Verde",
    "Partido da Justiça",
    "CCS"
  ],
  "Yoon Suk-yeolPark An-suKim Yong-hyun": "Woo Won-shik, Lee Jae-myung, Han Dong-hoon, Lee Jun-seok, Cho Kuk, Yong Hye-in"
}