{
  "Razão social": "Dell, Inc.",
  "Tipo": "Privada",
  "Slogan": "The power to do more, (\"o poder de fazer mais\")",
  "Cotação": "NYSE, :, DELL, NASDAQ, :, DELL, B3, :, D1EL34",
  "Atividade": "Hardware do computador, Software do computador",
  "Gênero": "Tecnologia, ,, Informática",
  "Fundação": "1 de fevereiro, de, 1984, (41 anos), (como PC's Limited),, Austin, ,, Texas, ,, Estados Unidos da América",
  "Sede": "Round Rock, ,, Condado de Travis, e, Condado de Williamson, ,, Texas, ,, EUA",
  "Área(s) servida(s)": "Mundo",
  "Proprietário(s)": "Dell Technologies",
  "Presidente": "Michael Dell, (Fundador,, Presidente, e, CEO, )",
  "Pessoas-chave": "Jeff Clarke, (, Vice-Presidente, e co-, COO, )",
  "Empregados": "165 000 (2020), [, 1, ]",
  "Produtos": [
    "DesktopsServidoresNotebooksPeriféricosImpressorasArmazenamentoServiçosSmartphonesTelevisões"
  ],
  "Subsidiárias": [
    "Alienware",
    "Dell Boomi",
    "Force10"
  ],
  "Ativos": "US$ 92.65 bilhões, (2022), [, 2, ]",
  "Lucro": "US$ 5.70 bilhões, (2022), [, 2, ]",
  "Faturamento": "US$, 101.2 bilhões, (, 2022, ), [, 2, ], [, 3, ]",
  "Websiteoficial": "www.dell.com"
}