{
  "População:": "10.416.585 (julho de 2021)",
  "Densidade:": "20,5 hab/km²",
  "Taxa de crescimento:": "0,75% (est. 2018)",
  "Taxa de natalidade:": "12,1 nascimentos/1.000 habitantes (est. 2018)",
  "Taxa de mortalidade:": "9,4/1000 (est. 2017)",
  "Expectativa de vida:": "82,4 (2020)",
  "–homem:": "80.6 (2020)",
  "–mulher:": "84.3 (2020)",
  "Taxa de fecundidade:": "1.66 crianças nascidos/mulher (2020)",
  "Taxa de mortalidade infantil:": "2,6 mortes/1.000 nascidos vivos",
  "0-14 anos:": "17,54% (H 904.957 / M 855.946)",
  "15-64 anos:": "62,10% (H 3.167.331 / M 3.067.605)",
  "65-mais:": "20,37% (H 946.170 / M 1.098.986)",
  "Total:": "(H 50,4% / M 49,6%)",
  "Nacionalidade:": "Suécia",
  "Maior etnia:": "Suecos",
  "Menor etnia:": "Lapões",
  "Oficial:": "Língua sueca",
  "Falada:": "finlandês, ,, meänkieli, ,, lapão, ou, romani, ,, iídiche"
}