{
  "População:": "86.095.408 (fev. de 2024)",
  "Densidade:": "89,24 hab/km² (est. 2022)",
  "Taxa de crescimento:": "0,8% (est. 2021)",
  "Taxa de natalidade:": "14,7 nascimentos/1.000 habitantes (est. 2021)",
  "Taxa de mortalidade:": "6,4/1000 (est. 2021)",
  "Expectativa de vida:": "78,6 (2022)",
  "–homem:": "73,1 (2022)",
  "–mulher:": "79,1 (2022)",
  "Taxa de fecundidade:": "1.92 crianças nascidos/mulher (2020)",
  "Taxa de mortalidade infantil:": "16,9 mortes/1.000 nascidos vivos",
  "0-14 anos:": "24,26%, (H 10.085.558 / M 9.627.967)",
  "15-64 anos:": "67,96%, (H 27.945.232 / M 27.266.461)",
  "65-mais:": "7,79% (H 2.825.738 / M 3.506.283)",
  "Total:": "(H 50,1% / M 49,9%)",
  "Nacionalidade:": "Turquia",
  "Oficial:": "Língua turca",
  "Falada:": "Língua curda, ,, Língua árabe"
}