{
  "Nascimento": "5 de outubro, de, 1713, Langres",
  "Morte": "31 de julho, de, 1784, (70 anos), Paris",
  "Sepultamento": "igreja de Saint-Roch",
  "Nacionalidade": "Francês",
  "Cidadania": "Reino da França",
  "Progenitores": [
    "Didier Diderot"
  ],
  "Cônjuge": "Anne-Antoinette Diderot",
  "Filho(a)(s)": "Angélique Diderot",
  "Alma mater": [
    "Lycée Louis-le-Grand",
    "Lycée Saint-Louis",
    "Universidade de Paris"
  ],
  "Ocupação": "Filósofo, e, escritor",
  "Obras destacadas": "Encyclopédie",
  "Movimento estético": "Enciclopedistas, ,, Materialismo, , Lumières",
  "Religião": "nenhuma (, ateísmo, )"
}