{
  "Falado(a) em:": "São Paulo, (, Brasil, )",
  "Região:": "Região Metropolitana de São Paulo, e parte da, Baixada Santista, e imediações",
  "Total de falantes:": "aprox. 25 milhões de pessoas",
  "Posição:": "Não se encontra entre os 100 primeiros",
  "Família:": "Indo-europeia, Itálico, Românico, Românico Ocidental, Ibero-Românico, Ibero-Ocidental, Galego-português, Português, Português brasileiro, Dialeto Paulistano",
  "Língua oficial de:": "sem reconhecimento oficial",
  "Regulado por:": "sem regulamentação oficial",
  "ISO 639-1:": "--",
  "ISO 639-2:": "---"
}