{
  "Falado(a) em:": "Pernambuco, Paraíba, Alagoas, Rio Grande do Norte, Ceará, Piauí, Sergipe, Bahia",
  "Região:": "Maior parte da, Região Nordeste do Brasil",
  "Total de falantes:": "",
  "Posição:": "Não se encontra entre os 100 primeiros",
  "Família:": "Indo-europeia, Língua portuguesa, Português brasileiro, Dialeto nordestino",
  "Língua oficial de:": "sem reconhecimento oficial",
  "Regulado por:": "sem regulamentação oficial",
  "ISO 639-1:": "--",
  "ISO 639-2:": "---"
}