{
  "Falado(a) em:": [
    "Bahia",
    "Sergipe",
    "Minas Gerais"
  ],
  "Região:": "Estado da, Bahia, e do, Sergipe, e regiões próximas",
  "Total de falantes:": "aprox. 12 milhões de falantes",
  "Posição:": "Não se encontra entre os 100 primeiros",
  "Família:": "Indo-europeia, Língua portuguesa, Português brasileiro, Dialeto Baiano",
  "Língua oficial de:": "sem reconhecimento oficial",
  "Regulado por:": "sem regulamentação oficial",
  "ISO 639-1:": "--",
  "ISO 639-2:": "---"
}