{
  "Falado(a) em:": "Mato Grosso, Mato Grosso do Sul, Goiás, Minas Gerais",
  "Região:": "Em grande parte da, Região Centro-Oeste do Brasil, e áreas próximas",
  "Total de falantes:": "33.647 milhões de  falantes",
  "Posição:": "Não se encontra entre os 100 primeiros",
  "Família:": "Indo-europeia, Língua portuguesa, Português brasileiro, Dialeto Sertanejo",
  "Língua oficial de:": "sem reconhecimento oficial",
  "Regulado por:": "sem regulamentação oficial",
  "ISO 639-1:": "--",
  "ISO 639-2:": "---"
}