{
  "Falado(a) em:": "Pará, Maranhão, Mato Grosso, Tocantins, Rondônia",
  "Região:": "Parte da, Região Norte do Brasil, e áreas próximas",
  "Total de falantes:": "sem números exatos",
  "Posição:": "Não se encontra entre os 100 primeiros",
  "Família:": "Indo-europeia, Língua portuguesa, Português brasileiro, Dialeto da serra amazônica",
  "Língua oficial de:": "sem reconhecimento oficial",
  "Regulado por:": "sem regulamentação oficial",
  "ISO 639-1:": "--",
  "ISO 639-2:": "---"
}