{
  "Falado(a) em:": "Pernambuco, (, Brasil, )",
  "Região:": "Região Metropolitana do Recife, e, Mesorregião da Mata Pernambucana",
  "Total de falantes:": "aprox. 5,5 milhões de pessoas",
  "Posição:": "Não se encontra entre os 100 primeiros",
  "Família:": "Indo-europeia, Língua Portuguesa, Português brasileiro, Dialeto Recifense",
  "Língua oficial de:": "sem reconhecimento oficial",
  "Regulado por:": "sem regulamentação oficial",
  "ISO 639-1:": "--",
  "ISO 639-2:": "---"
}