{
  "Falado(a) em:": "Paraná, Santa Catarina, Mato Grosso do Sul, São Paulo",
  "Região:": "Grande parte da, Região Sul do Brasil, e pequenas frações dos estados de, Mato Grosso do Sul, e, São Paulo",
  "Total de falantes:": "sem números exatos",
  "Posição:": "Não se encontra entre os 100 primeiros",
  "Família:": "Indo-europeia, Língua portuguesa, Português brasileiro, Dialeto Sulista (Brasil)",
  "Língua oficial de:": "sem reconhecimento oficial",
  "Regulado por:": "sem regulamentação oficial",
  "ISO 639-1:": "--",
  "ISO 639-2:": "---"
}