{
  "Falado(a) em:": "Dinamarca, Ilhas Feroé, (, Dinamarca, ), Gronelândia, (, Dinamarca, ), Schleswig-Holstein, (, Alemanha, )",
  "Total de falantes:": "5,5 milhões (2012)",
  "Família:": "Indo-europeia, Germânica, Setentrional, Escandinava oriental, Dinamarquês",
  "Escrita:": "alfabeto latino",
  "Língua oficial de:": "Dinamarca, Gronelândia, (, Dinamarca, ), Ilhas Feroé, (, Dinamarca, ), União Europeia",
  "Regulado por:": "Dansk Sprognævn (, Comitê da Língua Dinamarquesa, ), [1]",
  "ISO 639-1:": "da",
  "ISO 639-2:": "dan",
  "ISO 639-3:": "dan"
}