{
  "Capitale maior cidade": "Copenhague, 55°43′N 12°34′E",
  "Língua oficial": "Dinamarquês",
  "Religião oficial": "Luteranismo, [, 1, ], Igreja Ortodoxa Oriental, (Oficial também em, Ilhas Feroé, e, Groenlândia, )",
  "Gentílico": "Dinamarquês (esa), [, 2, ]",
  "Governo": "Monarquia constitucional, parlamentarista, unitária",
  "•Rei": "Frederico X",
  "•Primeira-ministra": "Mette Frederiksen",
  "Legislatura": "Folketing",
  "• Independência": "Antes do século VIII",
  "Entrada na UE": "1 de janeiro, de, 1973",
  "• Total": "US$, 347,196, bilhões, *, [, 4, ], (, 32.º, )",
  "• Água (%)": "1,6",
  "Fronteira": "Alemanha, e ligada à, Suécia, por meio da Ponte do, Øresund",
  "• Estimativa para 2018": "5 789 957, [, 3, ], hab. (, 108.º, )",
  "•Densidade": "129,16 hab./km² (, 78.º, )",
  "PIB(basePPC)": "Estimativa para 2014",
  "•Per capita": "US$ 61 884, [, 4, ], (, 8.º, )",
  "IDH(2019)": "0,940 (, 10.º, ) –, muito alto, [, 5, ]",
  "Moeda": "Coroa, (, krone, ) (, DKK, )",
  "Fuso horário": "CET, (, UTC, +1)",
  "• Verão (DST)": "CEST, (, UTC, +2)",
  "Cód. ISO": "DNK",
  "Cód. Internet": ".dk",
  "Cód. telef.": "+45",
  "Websitegovernamental": "denmark, .dk"
}