{
  "Outros nomes": "óxido de enxofre (IV); anidrido sulfuroso",
  "Número CAS": "7446-09-5",
  "PubChem": "1119",
  "Número EINECS": "231-195-2",
  "ChemSpider": "1087",
  "Número RTECS": "WS4550000",
  "Fórmula molecular": "SO, 2",
  "Massa molar": "64.07 g mol, −1",
  "Aparência": "gás incolor",
  "Densidade": "2,73 kg·m, -3, (1 bar, 15 °C), [, 1, ]",
  "Ponto de fusão": "-75 °C, [, 1, ]",
  "Ponto de ebulição": "-10 °C, [, 1, ]",
  "Solubilidadeemágua": "112 g·l, -1, [, 1, ]",
  "Pressão de vapor": "0,33 MPa (21 °C), [, 1, ]",
  "Acidez(pKa)": "1.81, [, carece de fontes, ?, ]",
  "Forma molecular": "Bent 120°, [, 2, ]",
  "Momento dipolar": "1.63, D",
  "Classificação UE": "Tóxico",
  "Índice UE": "016-011-00-9",
  "NFPA 704": "0, 3, 0",
  "Frases R": "R23, R34",
  "Frases S": "S1/2, S9, S26, S36/37/39, S45",
  "LC50": "3000 ppm/30 min mouse inhalation",
  "Ponto de fulgor": "não inflamável",
  "LD50": "2520 ppm (Rato, inalação), [, 3, ]",
  "Outrosaniões/ânions": "Tetrafluoreto de enxofre, Tetranitreto de tetraenxofre",
  "Outroscatiões/cátions": "Dióxido de selênio, Dióxido de telúrio, Trióxido de fósforo, Trióxido de dicloro",
  "Óxidosde enxofre relacionados": "Monóxido de enxofre, Trióxido de enxofre",
  "Compostos relacionados": "Ácido sulfuroso, Cloreto de tionila, (SOCl, 2, )",
  "Estrutura e propriedades": "n, ,, ε, r, , etc.",
  "Dados termodinâmicos": "Phase behaviour, Solid, liquid, gas",
  "Dados espectrais": "UV, ,, IV, ,, RMN, ,, EM"
}