{
  "•Região": "Centro-Oeste",
  "•Estados limítrofes": "Goiás, (S, O, N e L) e, Minas Gerais, (SE)",
  "•Regiões intermediárias": "1",
  "•Regiões imediatas": "1",
  "•Regiões administrativas": "35",
  "Sede de governo": "Brasília, [, 1, ]",
  "•Governador(a)": "Ibaneis Rocha, (, MDB, )",
  "•Vice-governador(a)": "Celina Leão, (, PP, )",
  "•Deputados federais": "8",
  "•Deputados distritais": "24",
  "•Senadores": "Damares Alves, (, Republicanos, ), Izalci Lucas, (, PL, ), Leila Barros, (, PDT, )",
  "• Área total": "5 760,784, km², (, 27, º), [, 2, ]",
  "População": "2024",
  "• Estimativa": "2 982 818 hab. (, 20º, ), [, 3, ]",
  "• Censo2022": "2 817 381 hab. (, 20º, ), [, 4, ]",
  "•Densidade": "517,78 hab./km² (, 1º, )",
  "Economia": "2021, [, 5, ]",
  "•PIB total": "286.944 bilhões (, 8º, )",
  "•PIB per capita": "92.732,27 (, 1º, )",
  "Indicadores": "2014/2016, [, 6, ], [, 7, ]",
  "•Esperança de vida(2016)": "78,1 anos (, 3º, )",
  "•Mortalidade infantil(2016)": "10,5‰ nasc. (, 22º, )",
  "•Alfabetização(2016)": "97,4% (, 1º, )",
  "•IDH(2021)": "0,814 (, 1º, ) –, muito alto, [, 8, ]",
  "Fuso horário": "UTC−3, America/Sao_Paulo",
  "Clima": "subtropical úmido, Cwa",
  "Cód. ISO 3166-2": "BR-DF",
  "Website": "https://www.df.gov.br/"
}