{
  "Outros nomes:": "Dyula",
  "Falado(a) em:": [
    "Burquina Fasso",
    "Costa do Marfim",
    "Mali"
  ],
  "Região:": "África Ocidental",
  "Total de falantes:": "1 229 000",
  "Família:": "Nigero-congolesa, Mandê, Ocidental, Centro-sudoeste, Central, Mandinga-jogo, Mandinga-vai, Mandinga-mocolé, Mandinga, Mandinga oriental, Mandinga nordeste, Bambara, Diúla",
  "Escrita:": "Alfabeto latino, Alfabeto N'ko",
  "ISO 639-1:": "--",
  "ISO 639-2:": "---",
  "ISO 639-3:": "dyu"
}