{
  "Reinado": "16 de fevereiro, de, 1279, a, 7 de janeiro, de, 1325",
  "Antecessor(a)": "Afonso III",
  "Sucessor(a)": "Afonso IV",
  "Nascimento": "9 de outubro, de, 1261, Lisboa",
  "Morte": "7 de janeiro, de, 1325, (63 anos), Santarém",
  "Sepultado em": "Mosteiro de São Dinis, ,, Odivelas",
  "Nome completo": "Dinis Afonso",
  "Cônjuge": "Isabel de Aragão",
  "Descendência": "Constança, Rainha de Castela, Afonso IV de Portugal",
  "Casa": "Borgonha",
  "Pai": "Afonso III",
  "Mãe": "Beatriz de Castela",
  "Religião": "catolicismo",
  "Assinatura": ""
}