{
  "Período": "20 de janeiro de 2017 –, 20 de janeiro de 2021",
  "Vice-presidente": "Mike Pence",
  "Antecessor(a)": "Barack Obama",
  "Sucessor(a)": "Joe Biden",
  "Nome completo": "Donald John Trump",
  "Nascimento": [
    "Queens",
    "Nova Iorque",
    "Estados Unidos"
  ],
  "Nacionalidade": "norte-americano",
  "Progenitores": "Mãe:, Mary Anne MacLeod Trump, Pai:, Fred Trump",
  "Alma mater": "Universidade da Pensilvânia",
  "Esposa": [
    "Ivana Zelníčková(c.1977;div.1992)",
    "Marla Maples(c.1993;div.1999)",
    "Melania Knauss(c.2005)"
  ],
  "Filhos(as)": [
    "Donald Jr.",
    "Ivanka",
    "Eric",
    "Tiffany",
    "Barron"
  ],
  "Parentesco": "Família Trump",
  "Partido": [
    "Republicano(1987–1999; 2009–2011; 2012–presente)",
    "Independente(2011–2012)",
    "Democrata(antes de 1987; 2001–2009)",
    "Reformista(1999–2001)"
  ],
  "Religião": "Presbiterianismo",
  "Profissão": [
    "Empresário",
    "político"
  ],
  "Fortuna": "US$, 5,8 bilhões, (2025), [, nota 1, ]",
  "Assinatura": "",
  "Website": "donaldtrump.com"
}