{
  "Lema": "Obedientia Civium Urbis Felicitas, Em, latim, : \"Feliz a cidade onde os cidadãos obedecem\"",
  "Gentílico": "Dublinense",
  "Coordenadas": "53° 21′ 00″ N, 6° 15′ 37″ O",
  "País": "Irlanda",
  "Região": "Leinster",
  "Condado": "Condado de Dublin",
  "Prefeito": "Alison Gilliland (, Trabalhista, )",
  "Área total": "117,8 km²",
  "População total": "592 713, [, 1, ], hab.",
  "• Populaçãometropolitana": "1 263 219",
  "Densidade": "5 032 hab./km²",
  "Altitude": "20 m",
  "Fuso horário": "GMT, (, UTC0, )",
  "Horário de verão": "IST, (, UTC+1, )",
  "Website": "www.dublincity.ie"
}