{
  "Slogan": "“The search engine that doesn't track you.”, (em, Inglês, ), “A  ferramenta de busca que não rastreia você”, (em, Português, )",
  "Proprietário(s)": "DuckDuckGo, Inc.",
  "Requer pagamento?": "Não",
  "Gênero": "Serviços, (, motor de busca, )",
  "Cadastro": "Não",
  "País de origem": "Estados Unidos da América",
  "Idioma(s)": "vários",
  "Lançamento": "25 de setembro, de, 2008, (16 anos)",
  "Desenvolvedor": "Gabriel Weinberg",
  "Endereço eletrônico": "duckduckgo, .com"
}