{
  "Slogan": "(em inglês), Duolingo can learn everyone all languages for free while helping to translate the web., (em português), Aprenda idiomas de graça. Agora e sempre.",
  "Nomes alternativos": "Super Duolingo",
  "Tipo de sítio": "Companhia pública",
  "Presidente": "Luis von Ahn",
  "Fundador(es)": "Luis von Ahn, ,, Severin Hacker",
  "Indústria": "Educação online, ,, Certificação profissional, ,, Tradução, ,, Crowdsourcing",
  "Receita": "US$ 251 milhões (2021), [, 1, ]",
  "Serviço": "Cursos de idiomas, Duolingo English Test, Duolingo for Schools",
  "Requer pagamento?": "Não necessariamente.",
  "Cadastro": "Sim",
  "País de origem": "Estados Unidos",
  "Idioma(s)": "Multilíngue, 106 cursos em 41 idiomas",
  "Usuários": "42.4 milhões de usuários ativos mensais, [, 1, ]",
  "Lançamento": "30 de novembro de 2011, ; há 13 anos, (beta privado), 19 de junho de 2012, ; há 12 anos, (lançamento público)",
  "Sede": "Pittsburgh, ,, Estados Unidos",
  "Área(s) servida(s)": "No mundo todo.",
  "Linguagem de programação": "Kotlin, ,, [, 2, ], Swift, ,, [, 3, ], React, ,, Python, ,, Scala, ,, [, 4, ], HTML, ,, CSS, ,, JavaScript",
  "Endereço eletrônico": "pt, .duolingo, .com",
  "Estado atual": "Ativo"
}