{
  "Nascimento": "século XI a.C.",
  "Morte": "1032 a.C.",
  "Cidadania": "Dinastia Chou",
  "Progenitores": [
    "Conde Wen",
    "Taisi"
  ],
  "Filho(a)(s)": "Boqin, Duke Ping of Zhou",
  "Irmão(ã)(s)": "Boyi Kao, , Xian of Guan, Du of Cai, Royal Uncle of Wey–Kang, Yu of Cheng, Zai of Dan, Zheng of Mao, Chu of Huo, Zhenduo of Cao, Xiu of Teng, Gao, Duke of Bi, Marquess of Feng,, Rei Wu de Zhou, , Royal Uncle of Gao, Count of Yong, Count of Yuan, Count of Xun",
  "Ocupação": "chefe militar,, escritor, ,, herói cultural",
  "Título": "duque, ,, regência"
}