{
  "Razão social": "Empresa Brasil de Comunicação S.A. - EBC",
  "Tipo": "Empresa de capital fechado",
  "Atividade": "Mídia",
  "Gênero": "Empresa pública",
  "Fundação": "24 de outubro, de, 2007, (17 anos)",
  "Fundador(es)": "Governo Federal do Brasil",
  "Sede": "Brasília, ,, DF, ,, Brasil",
  "Área(s) servida(s)": "Brasil, e países selecionados",
  "Locais": "Distrito Federal, ,, Rio de Janeiro, ,, São Paulo, ,, São Luís (Maranhão), ,, Campos (RJ)",
  "Presidente": "Jean Lima, [, 1, ]",
  "Pessoas-chave": "Maíra Bittencourt (diretora-geral), [, 2, ]",
  "Empregados": "1.818, (2021), [, 3, ], [, 4, ]",
  "Produtos": [
    "Radiodifusão",
    "Agência de notícias",
    "Fotojornalismo"
  ],
  "Divisões": [
    "TV Brasil",
    "Rádios EBC",
    "Agência Brasil",
    "Rede Nacional de Comunicação Pública",
    "EBC Serviços"
  ],
  "Acionistas": "Governo Federal do Brasil",
  "Ativos": "R$, 569,89 milhões, (2021), [, 3, ]",
  "Lucro": "R$ 3.761 milhões, (2021), [, 3, ]",
  "LAJIR": "R$ 3.763 milhões, (2021), [, 3, ]",
  "Faturamento": "R$ 42.057 milhões, (2021), [, 3, ]",
  "Significado da sigla": [
    "Empresa",
    "Brasil de",
    "Comunicação"
  ],
  "Antecessora(s)": "Radiobrás, ACERP",
  "Websiteoficial": "Notícias de todos os veículos, Site institucional"
}