{
  "Moeda": "won sul-coreano",
  "Blocos comerciais": "OMC, ,, APEC, ,, OCDE, ,, G-20",
  "PIB": [
    "$1,720 trilhões (nominal, 2018)[1]",
    "$2,235 trilhões (PPC, 2018)[1]"
  ],
  "Variação do PIB": "2% (2019), [, 1, ]",
  "PIB per capita": [
    "$33,320 (nominal, 2018)[1]",
    "$43,290 (PPC, 2018)[1]"
  ],
  "PIB por setor": [
    "agricultura: 2,2%",
    "indústria: 39,3%",
    "serviços: 58,3%",
    "(2017)[2]"
  ],
  "Inflação(IPC)": "1,48% (2018), [, 1, ]",
  "Populaçãoabaixo dalinha de pobreza": "14,4% (2016), [, 2, ]",
  "Coeficiente de Gini": "35,5 (2017)",
  "Força de trabalho total": "28,445,506 (2019), [, 3, ]",
  "Força de trabalhopor ocupação": [
    "agricultura: 4,8%",
    "indústria: 24,6%",
    "serviços: 70,6%",
    "(2017)[2]"
  ],
  "Desemprego": "3,5% (2019), [, 4, ]",
  "Principais indústrias": "eletrônica, telecomunicações, produção de automóveis, produtos químicos,, construção naval, ,, aço",
  "Exportações": "$577,4 bilhões (2017), [, 2, ]",
  "Produtos exportados": "semicondutores, , equipamentos para telecomunicações sem fio, veículos a motor, computadores, aço, navios, petroquímicos",
  "Principais parceiros de exportação": [
    "China25,1%",
    "Estados Unidos12,2%",
    "Vietnã8,2%",
    "Hong Kong6,9%",
    "Japão4,7%",
    "(2017)[2]"
  ],
  "Importações": "$457,5 bilhões (2017), [, 2, ]",
  "Produtos importados": "maquinaria, equipamentos eletrônicos e componentes,, petróleo, ,, aço, , equipamento de transporte, produtos químicos orgânicos,, plásticos",
  "Principais parceiros de importação": [
    "China20,5%",
    "Japão11,5%",
    "Estados Unidos10,5%",
    "Alemanha4,2%",
    "Arábia Saudita4,1%",
    "(2017)[2]"
  ],
  "Dívida externa bruta": "$384,6 bilhões (2018), [, 2, ]",
  "Dívida pública": "39,5% do PIB (2017), [, 2, ]",
  "Receitas": "$357,1 bilhões (2017), [, 2, ]",
  "Despesas": "$335,8 bilhões (2017), [, 2, ]"
}